Pos,Age,G,GS,MP,FG,FGA,FG%,3P,3PA,3P%,2P,2PA,2P%,eFG%,FT,FTA,FT%,ORB,DRB,TRB,AST,STL,BLK,TOV,PF,PTS
PF,24,71,7,12.9,1.8,4.1,0.447,0.0,0.0,0.0,1.8,4.1,0.448,0.447,0.7,1.5,0.431,1.9,3.1,5.1,0.6,0.5,0.5,1.0,1.6,4.3
PF,35,76,76,21.5,3.5,7.9,0.45,0.9,2.1,0.404,2.7,5.8,0.467,0.504,0.8,1.1,0.726,1.1,3.6,4.7,0.9,0.6,0.4,0.9,2.3,8.7
SF,19,73,6,23.1,3.1,8.2,0.375,0.9,2.8,0.307,2.2,5.4,0.41,0.428,1.1,1.4,0.784,0.8,3.4,4.2,1.6,0.8,0.2,1.6,2.4,8.1
SF,26,28,28,33.3,4.0,9.7,0.415,3.3,8.4,0.389,0.8,1.4,0.579,0.583,1.3,1.5,0.854,0.0,3.8,3.8,1.5,0.4,0.3,1.5,2.3,12.6
C,32,28,28,27.1,3.9,8.5,0.46,1.6,4.6,0.359,2.3,3.9,0.578,0.557,1.3,1.6,0.841,1.5,3.6,5.1,0.6,0.5,1.3,0.8,1.9,10.8
PG,36,29,29,34.7,9.4,18.8,0.504,2.5,6.7,0.378,6.9,12.1,0.573,0.571,4.2,6.0,0.711,0.6,7.6,8.2,7.9,1.0,0.5,3.7,1.6,25.7
SG,26,82,82,38.1,8.7,19.7,0.439,2.9,8.0,0.359,5.8,11.7,0.494,0.512,8.8,10.2,0.86,0.8,5.3,6.1,7.5,1.7,0.6,4.6,2.8,29.0
SF,26,13,0,3.2,0.7,1.1,0.643,0.6,0.8,0.727,0.1,0.2,0.333,0.929,0.0,0.0,0.0,0.1,0.6,0.7,0.2,0.0,0.2,0.1,0.5,2.0
PG,30,23,23,32.5,6.5,13.0,0.502,1.9,4.8,0.387,4.7,8.2,0.569,0.574,1.5,1.9,0.791,1.3,3.5,4.8,5.4,1.9,0.6,1.6,1.7,16.4
C,22,78,46,23.3,3.4,8.0,0.423,0.0,0.1,0.143,3.4,7.9,0.426,0.424,2.2,3.1,0.728,2.3,5.3,7.6,1.2,0.5,0.8,1.9,2.9,9.0
PF,31,25,25,33.4,6.6,13.4,0.488,0.6,1.9,0.333,5.9,11.5,0.514,0.512,6.0,6.8,0.893,0.8,4.2,5.0,6.9,0.8,0.3,1.6,1.8,19.8
C,22,22,0,11.8,1.2,2.8,0.419,0.1,0.4,0.375,1.0,2.5,0.426,0.444,0.6,0.8,0.722,1.1,3.8,4.9,0.9,0.2,0.4,0.7,2.0,3.1
SF,28,73,38,22.4,1.8,3.5,0.518,0.2,0.8,0.283,1.6,2.7,0.59,0.551,0.6,0.9,0.667,0.8,2.5,3.4,1.0,0.9,0.2,0.8,2.3,4.5
C,31,20,0,14.8,3.5,5.7,0.619,0.0,0.1,0.0,3.5,5.6,0.625,0.619,1.4,2.6,0.529,1.6,4.1,5.7,0.5,0.3,1.4,1.0,1.8,8.4
C,39,61,60,25.2,3.5,7.2,0.488,0.0,0.0,0.0,3.5,7.2,0.49,0.488,1.5,2.1,0.702,1.9,5.4,7.3,2.7,0.8,1.3,1.5,2.0,8.6
PF,24,23,0,8.3,0.7,2.1,0.347,0.5,1.4,0.333,0.3,0.7,0.375,0.459,0.2,0.2,0.8,0.3,0.9,1.3,0.4,0.2,0.1,0.4,0.7,2.1
PF,27,23,23,32.8,8.9,16.7,0.533,0.7,2.5,0.293,8.1,14.1,0.575,0.555,4.0,5.7,0.715,2.0,6.3,8.4,3.0,1.3,1.8,2.0,1.8,22.5
PG,30,19,19,31.1,7.4,16.8,0.441,2.1,5.8,0.351,5.4,11.0,0.488,0.502,3.5,4.7,0.744,0.5,3.2,3.7,6.3,1.0,0.7,3.5,1.4,20.4
SG,23,3,1,13.7,1.0,4.0,0.25,0.0,2.0,0.0,1.0,2.0,0.5,0.25,0.0,0.0,0.0,0.7,1.3,2.0,0.7,1.0,0.7,0.7,1.0,2.0
SF,23,66,59,30.9,4.5,9.6,0.466,1.2,3.2,0.383,3.2,6.3,0.508,0.531,1.5,2.0,0.761,1.2,3.8,4.9,1.8,0.6,0.2,0.9,2.1,11.7
SG,23,79,79,32.2,5.2,12.3,0.42,2.0,5.7,0.359,3.1,6.6,0.472,0.503,2.2,2.5,0.86,0.5,2.9,3.4,2.7,0.9,0.2,1.6,2.6,14.5
PF,26,25,25,35.8,7.6,16.8,0.455,1.2,4.2,0.298,6.4,12.6,0.506,0.492,4.1,5.1,0.797,2.2,5.6,7.8,4.5,1.2,0.6,2.2,3.1,20.6
PF,29,28,1,19.0,1.5,4.3,0.358,1.0,3.2,0.322,0.5,1.1,0.467,0.479,0.3,0.4,0.8,0.4,1.9,2.3,0.9,0.6,0.2,0.5,1.6,4.4
SG,22,13,1,10.3,1.8,4.2,0.436,0.8,2.3,0.333,1.1,1.9,0.56,0.527,0.5,0.7,0.778,0.2,0.8,1.0,0.4,0.3,0.1,0.2,1.2,5.0
PF,23,61,10,21.9,3.2,7.1,0.448,1.4,3.7,0.377,1.8,3.4,0.527,0.547,0.6,0.8,0.761,0.8,4.3,5.1,1.5,0.1,0.3,1.3,3.0,8.4
PF,30,73,55,26.5,3.6,6.8,0.526,0.0,0.0,0.0,3.6,6.8,0.529,0.526,1.4,2.0,0.692,2.8,4.1,6.9,1.5,0.6,1.1,1.1,2.5,8.6
PG,29,61,18,20.7,3.0,7.3,0.411,1.3,3.3,0.399,1.7,4.0,0.421,0.502,1.4,1.6,0.848,0.4,1.9,2.3,2.6,1.1,0.1,1.0,2.1,8.7
SG,28,20,0,8.7,0.6,2.0,0.282,0.1,0.6,0.083,0.5,1.4,0.37,0.295,0.7,0.9,0.722,0.3,1.5,1.8,1.0,0.4,0.2,0.5,1.7,1.8
SF,25,11,4,27.6,4.5,10.5,0.422,1.2,4.1,0.289,3.3,6.5,0.507,0.478,1.3,1.9,0.667,1.1,4.5,5.6,2.3,0.7,0.3,1.5,2.2,11.4
PF,26,30,30,36.7,8.1,16.9,0.48,1.8,4.5,0.407,6.3,12.4,0.507,0.535,5.1,6.4,0.802,1.4,9.5,10.9,5.5,0.7,0.2,3.3,3.1,23.2
PG,34,72,72,28.1,2.9,6.3,0.459,1.2,2.8,0.414,1.7,3.5,0.496,0.552,0.6,0.7,0.875,0.3,2.9,3.2,4.2,0.9,0.1,1.2,1.9,7.6
SG,19,70,6,14.3,1.2,3.8,0.305,0.6,2.1,0.293,0.5,1.7,0.319,0.385,0.2,0.2,0.8,0.2,1.1,1.3,0.6,0.4,0.2,0.4,1.0,3.1
C,25,82,82,25.4,3.3,6.3,0.516,0.0,0.0,0.0,3.3,6.3,0.52,0.516,2.6,4.1,0.642,2.5,5.2,7.7,2.8,0.8,1.0,1.9,3.1,9.1
SG,22,68,53,21.2,2.9,6.7,0.429,1.0,2.7,0.362,1.9,4.0,0.474,0.502,1.1,1.5,0.718,0.5,1.7,2.2,1.2,0.8,0.1,1.5,2.1,7.8
SG,27,3,3,21.3,2.0,5.3,0.375,0.7,2.3,0.286,1.3,3.0,0.444,0.438,2.0,2.0,1.0,0.0,4.3,4.3,3.0,0.7,0.3,1.7,1.3,6.7
PG,20,3,0,3.0,0.3,1.3,0.25,0.0,0.3,0.0,0.3,1.0,0.333,0.25,1.0,1.0,1.0,0.3,1.0,1.3,0.7,0.0,0.0,0.0,0.0,1.7
PF,28,78,0,15.1,1.5,3.7,0.413,0.6,1.4,0.398,1.0,2.3,0.421,0.488,0.8,1.0,0.782,1.0,2.7,3.7,0.8,0.3,0.3,0.7,1.8,4.4
SF,35,76,45,28.8,3.5,9.1,0.381,1.6,4.9,0.322,1.9,4.3,0.449,0.467,1.5,1.8,0.804,1.1,4.4,5.5,2.1,1.0,0.8,1.6,3.1,10.0
SG,24,80,4,25.6,3.2,7.3,0.439,0.4,1.4,0.273,2.8,5.9,0.478,0.465,1.7,2.2,0.764,0.5,2.1,2.6,3.1,0.8,0.3,1.3,1.6,8.5
C,30,29,29,33.6,9.3,19.6,0.476,2.6,6.2,0.414,6.8,13.4,0.505,0.542,2.1,2.6,0.816,2.1,9.5,11.6,3.4,1.1,0.6,1.7,1.7,23.4
SG,30,22,22,29.0,4.6,9.3,0.5,2.1,4.4,0.479,2.5,4.9,0.519,0.613,1.8,1.8,0.975,0.2,1.7,1.9,2.7,0.8,0.3,1.4,1.7,13.1
SG,31,61,25,14.9,1.7,4.5,0.383,0.9,2.3,0.364,0.9,2.2,0.403,0.477,0.5,0.6,0.821,0.4,2.0,2.4,1.4,0.6,0.1,0.7,1.4,4.9
SF,23,2,0,3.0,1.5,2.0,0.75,0.0,0.5,0.0,1.5,1.5,1.0,0.75,0.0,0.0,0.0,0.0,0.5,0.5,0.0,0.0,0.0,0.0,1.0,3.0
SG,22,24,24,35.3,8.4,17.4,0.484,1.5,3.6,0.407,7.0,13.8,0.505,0.526,4.5,5.5,0.805,0.8,1.8,2.5,4.3,1.1,0.2,2.5,2.9,22.8
C,23,29,1,7.8,1.0,1.5,0.636,0.0,0.1,0.333,0.9,1.4,0.659,0.648,0.3,0.5,0.533,0.6,1.0,1.6,0.2,0.4,0.4,0.4,1.0,2.2
C,29,27,0,16.4,2.4,3.9,0.629,0.0,0.0,0.0,2.4,3.9,0.635,0.629,1.4,1.7,0.804,2.1,3.5,5.6,0.9,0.6,1.1,0.6,2.5,6.3
SG,33,13,0,14.8,1.6,4.5,0.356,0.9,2.8,0.324,0.7,1.7,0.409,0.458,0.8,1.2,0.733,0.1,2.0,2.1,1.1,0.3,0.1,0.2,1.9,5.0
PF,33,76,4,18.2,2.7,5.0,0.527,0.3,0.9,0.362,2.3,4.1,0.564,0.56,0.7,1.0,0.737,0.8,2.3,3.1,2.3,0.3,0.3,1.3,1.3,6.4
SG,29,15,0,12.9,1.1,2.7,0.4,0.9,1.9,0.483,0.1,0.7,0.182,0.575,0.0,0.0,0.0,0.4,1.2,1.6,0.9,0.1,0.1,0.4,0.9,3.1
PG,30,51,0,9.2,1.5,3.2,0.448,0.3,0.8,0.357,1.2,2.4,0.48,0.494,0.8,0.9,0.894,0.1,0.7,0.8,1.1,0.2,0.0,0.5,0.7,4.0
SG,23,36,5,24.0,3.3,6.8,0.486,0.8,2.0,0.38,2.5,4.8,0.529,0.541,1.4,1.8,0.797,0.8,2.3,3.0,2.2,0.7,0.4,1.3,1.8,8.7
SF,27,12,0,14.3,2.6,5.2,0.5,0.8,2.1,0.4,1.8,3.1,0.568,0.581,1.2,1.5,0.778,0.0,2.4,2.4,0.9,0.4,0.1,0.7,1.1,7.2
PF,34,68,53,29.6,6.3,13.3,0.475,0.1,0.4,0.231,6.3,13.0,0.482,0.479,2.5,3.2,0.796,2.6,5.1,7.8,2.1,0.6,0.2,1.5,2.1,15.3
PF,30,13,0,10.5,0.6,2.2,0.286,0.5,1.7,0.273,0.2,0.5,0.333,0.393,0.3,0.4,0.8,0.2,1.9,2.1,0.9,0.5,0.1,0.5,1.2,2.0
C,35,72,72,31.8,6.5,13.8,0.469,0.3,1.0,0.348,6.2,12.9,0.478,0.481,3.2,4.0,0.792,2.2,8.9,11.0,4.1,0.6,2.0,2.3,2.1,16.5
C,30,25,0,3.8,0.4,0.7,0.529,0.0,0.0,0.0,0.4,0.7,0.529,0.529,0.2,0.4,0.455,0.5,0.6,1.0,0.1,0.2,0.2,0.3,0.4,0.9
PF,27,73,73,33.0,6.8,13.2,0.514,0.1,0.4,0.233,6.7,12.8,0.523,0.518,1.4,2.2,0.644,2.4,6.6,9.0,1.8,1.5,0.5,1.9,2.5,15.1
SG,20,4,0,1.3,0.0,0.5,0.0,0.0,0.5,0.0,0.0,0.0,0.0,0.0,0.0,0.0,0.0,0.0,0.0,0.0,0.3,0.0,0.0,0.0,0.0,0.0
SF,21,77,52,26.8,3.3,7.8,0.419,0.5,1.9,0.24,2.8,5.9,0.477,0.448,2.8,4.2,0.658,1.3,3.4,4.7,1.8,0.7,1.6,1.4,2.8,9.7
PG,23,9,1,10.0,0.7,3.0,0.222,0.3,1.3,0.25,0.3,1.7,0.2,0.278,0.8,0.9,0.875,0.2,0.7,0.9,2.8,0.6,0.0,1.4,0.7,2.4
PG,24,55,0,10.9,1.2,3.7,0.338,0.6,1.9,0.327,0.6,1.8,0.351,0.423,0.6,0.8,0.733,0.2,0.8,1.0,1.8,0.4,0.0,0.8,0.7,3.7
PG,27,2,0,20.0,4.0,10.5,0.381,1.5,4.5,0.333,2.5,6.0,0.417,0.452,0.0,1.0,0.0,1.5,2.0,3.5,2.5,1.5,0.5,1.5,2.0,9.5
C,20,82,82,32.0,7.6,14.1,0.542,0.4,1.1,0.341,7.3,13.0,0.559,0.555,2.7,3.4,0.811,2.8,7.7,10.5,2.0,0.7,1.7,2.2,3.0,18.3
PG,32,20,0,22.3,5.0,11.7,0.427,0.8,2.4,0.333,4.2,9.3,0.452,0.462,2.7,3.2,0.841,0.4,1.8,2.2,4.0,1.2,0.4,1.9,1.1,13.5
PF,28,10,1,6.5,0.3,1.0,0.3,0.1,0.7,0.143,0.2,0.3,0.667,0.35,0.3,0.4,0.75,0.3,1.6,1.9,0.3,0.3,0.2,0.3,0.3,1.0
C,25,65,60,31.3,8.2,16.1,0.51,0.0,0.1,0.222,8.2,16.0,0.512,0.511,1.7,2.3,0.753,2.7,6.2,8.9,2.8,0.8,1.1,1.9,2.7,18.2
PG,24,24,8,23.5,3.3,8.0,0.406,0.7,2.8,0.25,2.5,5.2,0.492,0.451,0.5,0.6,0.8,0.6,2.1,2.8,5.3,1.3,0.1,1.0,0.5,7.7
SG,31,24,24,37.6,7.6,15.8,0.482,3.0,7.9,0.384,4.6,7.9,0.579,0.578,6.2,6.9,0.897,0.8,6.5,7.3,11.3,1.0,0.8,4.3,2.3,24.5
SG,28,11,11,30.9,6.9,17.9,0.386,2.1,7.0,0.299,4.8,10.9,0.442,0.444,2.5,3.3,0.75,0.3,4.5,4.8,4.9,1.1,0.5,2.4,2.3,18.4
PG,28,29,29,36.0,8.1,18.4,0.442,2.7,6.7,0.395,5.5,11.7,0.469,0.514,2.7,2.9,0.906,0.8,4.1,4.8,6.6,1.3,0.3,2.1,1.9,21.6
PG,24,9,0,4.7,0.6,1.4,0.385,0.1,0.6,0.2,0.4,0.9,0.5,0.423,0.2,0.2,1.0,0.3,0.3,0.7,0.3,0.1,0.0,0.0,0.4,1.4
PG,21,57,13,19.5,3.1,7.4,0.417,0.4,1.7,0.232,2.7,5.7,0.474,0.444,2.3,3.4,0.674,0.5,2.0,2.5,2.1,0.5,0.2,1.8,1.5,8.9
SG,24,35,0,11.3,0.8,2.3,0.35,0.3,1.4,0.245,0.5,0.9,0.516,0.425,0.5,0.6,0.727,0.1,1.3,1.4,1.1,0.3,0.1,0.7,1.3,2.4
PF,33,23,0,18.4,2.6,5.3,0.488,0.6,2.2,0.28,2.0,3.2,0.63,0.545,0.6,1.0,0.542,0.5,2.6,3.1,1.6,0.9,0.8,1.1,2.1,6.4
SG,32,55,13,19.9,2.8,7.6,0.372,0.9,2.5,0.36,1.9,5.1,0.378,0.431,2.8,3.1,0.89,0.3,1.7,2.0,1.1,0.5,0.1,1.0,1.5,9.3
C,27,59,17,14.6,2.5,5.3,0.476,0.0,0.0,0.0,2.5,5.3,0.478,0.476,0.9,1.1,0.839,1.3,3.3,4.6,0.5,0.3,0.6,0.9,2.3,6.0
SG,22,20,2,22.8,3.8,7.8,0.484,2.1,4.3,0.482,1.7,3.5,0.486,0.616,0.7,0.9,0.824,0.5,2.2,2.7,1.6,0.7,0.2,1.2,1.9,10.3
SG,32,22,10,29.4,6.2,13.5,0.463,2.7,7.8,0.351,3.5,5.7,0.616,0.564,3.5,4.2,0.848,0.3,1.9,2.2,2.7,0.5,0.5,1.9,1.5,18.7
C,25,51,10,12.9,1.7,3.2,0.537,0.0,0.0,0.0,1.7,3.1,0.544,0.537,0.8,1.2,0.729,1.1,2.3,3.4,0.4,0.4,1.0,0.5,1.5,4.3
SG,26,8,4,23.6,4.3,10.8,0.395,1.9,5.5,0.341,2.4,5.3,0.452,0.483,1.4,1.9,0.733,0.1,1.6,1.8,3.9,1.0,1.0,0.9,2.3,11.8
PF,30,81,41,25.9,2.9,6.0,0.478,1.2,2.9,0.42,1.6,3.1,0.534,0.581,0.9,1.2,0.735,0.7,2.9,3.5,2.1,0.9,0.2,1.0,2.3,7.9
PF,26,79,28,20.2,2.4,4.7,0.516,0.0,0.0,0.0,2.4,4.7,0.516,0.516,0.6,0.9,0.63,2.1,3.3,5.4,1.0,0.3,0.5,0.9,1.9,5.4
SF,20,63,9,10.7,1.4,3.3,0.427,0.4,1.3,0.316,1.0,2.1,0.492,0.486,0.5,0.8,0.633,0.4,1.7,2.1,0.2,0.3,0.1,0.5,1.6,3.7
PG,28,61,33,21.6,2.5,5.7,0.44,0.6,1.6,0.384,1.9,4.1,0.462,0.494,1.3,1.7,0.75,0.3,2.6,2.8,4.4,0.5,0.1,1.3,1.2,7.0
PF,23,18,0,14.7,1.7,4.3,0.403,0.1,0.8,0.133,1.6,3.4,0.468,0.416,1.0,1.5,0.667,0.4,2.2,2.6,1.1,0.4,0.3,0.4,1.2,4.6
C,25,11,0,7.1,0.4,0.9,0.4,0.0,0.1,0.0,0.4,0.8,0.444,0.4,0.5,0.8,0.556,0.6,0.8,1.5,0.0,0.1,0.5,0.5,1.6,1.2
SG,30,71,57,33.4,5.0,11.3,0.443,1.3,3.4,0.382,3.7,7.9,0.469,0.5,1.5,1.8,0.84,0.3,3.4,3.7,2.0,0.4,0.1,1.2,2.0,12.8
PG,19,6,0,6.0,0.5,2.2,0.231,0.3,1.5,0.222,0.2,0.7,0.25,0.308,0.2,0.7,0.25,0.0,1.3,1.3,2.0,0.3,0.0,0.3,0.8,1.5
C,27,29,0,24.6,5.3,8.3,0.646,0.0,0.1,0.0,5.3,8.1,0.657,0.646,2.6,3.6,0.738,2.3,4.0,6.3,1.1,0.7,0.7,1.3,2.2,13.3
SG,31,14,1,16.2,2.3,5.2,0.438,0.4,1.4,0.263,1.9,3.9,0.5,0.473,0.4,0.6,0.75,0.4,1.1,1.4,1.6,0.8,0.1,0.9,1.6,5.4
C,23,10,1,11.7,1.9,3.6,0.528,0.0,0.1,0.0,1.9,3.5,0.543,0.528,0.3,0.5,0.6,2.1,2.9,5.0,0.6,0.3,0.6,0.1,1.1,4.1
PF,30,53,17,15.8,2.3,5.6,0.41,0.6,2.0,0.315,1.6,3.5,0.465,0.468,1.3,1.6,0.798,1.1,3.0,4.1,0.7,0.3,0.4,0.7,1.8,6.5
SG,28,13,1,12.2,1.6,3.6,0.447,1.2,2.5,0.469,0.5,1.2,0.4,0.606,0.2,0.2,1.0,0.2,1.0,1.2,0.8,0.3,0.0,0.3,0.6,4.5
SF,25,30,5,19.7,2.6,6.4,0.404,1.5,4.1,0.366,1.1,2.3,0.471,0.521,0.6,0.8,0.75,0.6,1.8,2.4,1.3,0.6,0.2,0.7,1.6,7.3
PG,23,26,26,34.9,7.2,15.9,0.452,2.3,6.3,0.358,4.9,9.6,0.514,0.523,2.8,3.4,0.809,0.7,3.6,4.3,4.5,1.1,0.3,2.3,2.1,19.4
SG,27,81,12,28.0,4.2,9.3,0.456,0.2,1.0,0.241,4.0,8.3,0.482,0.469,1.8,2.2,0.827,0.6,4.3,4.9,4.4,1.0,0.3,2.1,1.7,10.5
PF,23,81,73,23.6,4.3,10.0,0.435,0.4,1.3,0.282,4.0,8.7,0.458,0.453,1.3,2.0,0.64,2.4,5.9,8.3,2.3,0.9,0.6,1.3,2.6,10.3
C,27,73,73,33.7,8.1,15.8,0.511,0.0,0.2,0.143,8.1,15.7,0.515,0.512,4.3,5.5,0.787,2.8,5.1,7.8,2.0,0.8,1.7,2.4,2.9,20.6
SG,28,27,17,30.6,5.9,13.3,0.439,3.1,7.8,0.393,2.8,5.5,0.503,0.554,1.9,2.4,0.785,0.2,3.0,3.2,1.6,0.7,0.1,0.9,1.6,16.7
SF,28,81,2,15.3,1.5,3.6,0.426,1.0,2.6,0.386,0.5,1.0,0.531,0.565,0.2,0.2,0.722,0.2,1.6,1.9,1.2,0.7,0.0,0.8,1.2,4.2
PG,22,8,8,26.9,5.1,13.0,0.394,0.5,2.0,0.25,4.6,11.0,0.42,0.413,2.1,2.4,0.895,0.6,2.5,3.1,5.4,1.0,0.3,2.3,2.3,12.9
SG,24,80,80,34.8,8.0,17.9,0.448,2.5,5.9,0.417,5.6,12.0,0.463,0.517,2.3,2.8,0.827,0.6,2.7,3.2,4.3,1.2,0.3,2.5,2.3,20.8
SF,29,30,26,30.9,5.5,10.5,0.529,3.3,6.6,0.495,2.3,3.9,0.586,0.685,0.5,0.8,0.696,0.6,2.9,3.5,1.9,0.5,0.2,0.8,2.4,14.9
PF,20,28,28,31.1,4.5,11.5,0.393,1.5,5.3,0.286,3.0,6.3,0.483,0.458,1.6,2.1,0.767,0.5,6.9,7.4,1.8,0.5,0.7,1.8,1.0,12.2
C,29,47,7,10.0,1.1,2.3,0.481,0.1,0.3,0.333,1.0,2.0,0.505,0.505,0.8,1.1,0.704,0.7,2.2,2.9,0.6,0.3,0.4,0.3,1.7,3.1
SG,32,81,8,20.3,2.1,6.0,0.351,0.9,3.1,0.3,1.2,2.9,0.405,0.428,0.8,0.9,0.824,0.3,1.6,1.9,2.0,0.5,0.4,1.1,1.6,5.9
PG,23,2,0,2.5,0.0,0.5,0.0,0.0,0.0,0.0,0.0,0.5,0.0,0.0,1.0,1.0,1.0,0.0,0.0,0.0,0.0,0.0,0.0,1.0,0.0,1.0
SF,27,72,72,35.8,9.7,19.2,0.505,2.6,6.7,0.387,7.1,12.5,0.569,0.573,6.2,6.9,0.898,0.6,7.6,8.2,5.0,1.0,1.2,3.5,1.9,28.2
PG,27,80,80,34.4,8.2,18.1,0.454,1.3,4.3,0.296,6.9,13.8,0.503,0.489,5.8,7.2,0.812,1.8,6.0,7.8,10.4,2.0,0.3,4.3,2.5,23.5
PF,30,24,24,29.0,2.0,5.4,0.362,0.3,1.8,0.186,1.6,3.6,0.448,0.392,1.0,1.4,0.676,0.6,5.0,5.6,8.3,1.4,0.6,2.6,3.1,5.2
PF,26,56,0,14.7,2.6,5.5,0.471,0.7,2.0,0.36,1.9,3.5,0.536,0.537,0.9,1.2,0.785,0.6,3.0,3.6,0.4,0.2,0.4,0.7,1.2,6.9
SG,23,28,0,8.9,0.8,2.5,0.296,0.3,1.1,0.25,0.5,1.4,0.333,0.352,0.4,0.9,0.417,0.2,1.1,1.4,0.4,0.5,0.0,0.3,0.9,2.1
SG,23,19,0,8.1,1.1,2.1,0.525,0.6,1.1,0.524,0.5,1.0,0.526,0.663,0.2,0.5,0.333,0.2,0.6,0.8,0.4,0.2,0.0,0.4,0.6,2.9
PF,27,24,24,28.1,5.0,10.7,0.467,1.7,4.3,0.388,3.3,6.4,0.519,0.545,2.1,2.7,0.781,0.9,5.3,6.3,3.8,1.1,0.8,1.4,1.8,13.8
PF,22,13,0,21.7,1.7,4.5,0.379,0.7,2.2,0.31,1.0,2.2,0.448,0.457,0.2,0.5,0.5,1.2,2.2,3.4,2.1,0.8,0.3,0.7,1.0,4.3
SF,24,15,0,17.5,2.1,4.3,0.477,0.9,2.8,0.31,1.2,1.5,0.783,0.577,1.0,1.1,0.882,0.7,3.0,3.7,1.2,0.6,0.5,1.0,1.3,6.0
C,26,78,14,19.0,3.0,5.7,0.532,0.0,0.0,0.0,3.0,5.7,0.532,0.532,0.7,1.3,0.548,2.2,3.3,5.4,0.4,0.5,0.9,0.6,2.4,6.8
PG,22,80,6,20.3,4.1,9.8,0.421,1.0,3.0,0.322,3.2,6.8,0.465,0.471,1.8,2.3,0.791,0.3,2.2,2.6,4.4,0.9,0.1,2.3,1.7,11.0
SF,31,72,72,35.1,7.9,18.2,0.434,1.5,4.3,0.339,6.4,13.8,0.463,0.474,4.6,5.6,0.829,1.4,6.4,7.7,4.2,0.9,0.5,2.4,2.5,21.8
SG,24,28,28,26.1,3.7,8.9,0.419,2.0,4.9,0.401,1.8,4.0,0.441,0.53,0.5,0.8,0.619,1.0,3.4,4.5,2.8,1.2,0.2,1.2,1.5,9.9
C,22,28,10,26.2,4.4,6.8,0.642,0.0,0.1,0.25,4.3,6.6,0.651,0.645,3.6,4.7,0.758,2.9,6.1,9.0,1.6,0.5,1.6,1.5,1.6,12.3
PF,26,5,0,7.0,0.8,2.0,0.4,0.8,1.8,0.444,0.0,0.2,0.0,0.6,0.2,0.4,0.5,0.0,0.2,0.2,0.0,0.2,0.0,0.4,0.6,2.6
SG,23,10,0,6.8,1.2,2.7,0.444,0.5,1.2,0.417,0.7,1.5,0.467,0.537,0.9,1.0,0.9,0.3,0.5,0.8,0.7,0.2,0.0,0.1,0.3,3.8
SG,25,16,4,9.4,1.5,3.0,0.5,0.3,1.0,0.313,1.2,2.0,0.594,0.552,0.6,0.9,0.643,0.4,0.9,1.3,0.5,0.5,0.1,0.6,1.1,3.9
SG,23,26,1,17.7,1.2,3.2,0.386,0.6,2.0,0.288,0.7,1.2,0.548,0.476,0.2,0.5,0.5,0.3,1.0,1.3,0.8,1.6,0.8,0.3,2.0,3.3
PG,35,58,2,17.0,1.6,4.1,0.388,0.9,2.6,0.344,0.7,1.5,0.461,0.496,0.3,0.3,0.8,0.2,1.4,1.5,3.4,0.4,0.1,1.4,1.2,4.4
PG,29,72,72,35.2,4.9,10.9,0.454,0.9,2.4,0.365,4.1,8.5,0.479,0.494,1.2,2.1,0.58,1.1,5.0,6.0,11.7,2.0,0.1,3.9,2.4,11.9
PG,27,79,78,28.5,5.5,12.5,0.439,1.4,3.5,0.4,4.1,9.0,0.454,0.495,3.3,3.9,0.837,0.4,2.3,2.7,5.9,1.2,0.3,2.8,2.1,15.7
SF,25,73,73,31.6,4.9,11.1,0.443,1.7,5.0,0.336,3.3,6.2,0.529,0.518,2.7,3.3,0.82,1.0,4.2,5.1,1.8,1.7,0.5,1.1,2.7,14.2
PG,32,19,1,20.6,2.3,6.1,0.379,0.3,1.1,0.25,2.1,5.1,0.406,0.401,0.3,0.8,0.4,0.5,2.9,3.5,4.7,0.8,0.2,1.0,0.9,5.2
PG,22,26,26,34.7,7.6,17.7,0.429,2.3,6.2,0.369,5.3,11.5,0.462,0.493,9.0,10.2,0.887,0.7,3.2,3.8,9.3,0.8,0.3,4.3,2.0,26.5
PG,25,76,76,30.6,2.9,7.7,0.374,0.8,2.5,0.326,2.1,5.2,0.396,0.427,3.5,4.1,0.847,0.5,3.8,4.3,8.7,2.1,0.1,2.5,2.6,10.1
C,23,14,3,13.6,2.3,3.9,0.593,0.4,1.3,0.333,1.9,2.6,0.722,0.648,1.1,1.8,0.64,0.4,2.6,3.1,0.9,0.6,0.3,0.6,2.6,6.1
PG,23,81,53,18.5,2.2,5.2,0.431,0.8,2.0,0.395,1.4,3.2,0.453,0.507,0.6,0.9,0.743,0.2,1.3,1.5,2.1,0.8,0.0,1.3,1.5,5.9
PG,25,27,3,26.0,4.1,8.5,0.489,1.3,3.2,0.391,2.9,5.3,0.549,0.563,1.2,1.7,0.702,0.3,1.9,2.1,3.3,0.7,0.3,0.6,0.8,10.8
SG,34,64,57,25.3,3.4,7.3,0.458,0.2,0.7,0.357,3.1,6.7,0.468,0.474,1.4,2.2,0.652,1.6,3.0,4.6,1.1,1.7,0.3,1.2,2.7,8.4
SF,30,25,21,29.8,4.4,10.0,0.436,1.6,4.0,0.404,2.8,6.0,0.457,0.516,1.3,1.8,0.75,0.5,3.2,3.7,3.2,0.8,0.4,1.5,1.8,11.6
PF,22,39,1,9.7,1.5,2.3,0.644,0.0,0.0,0.0,1.5,2.3,0.652,0.644,0.6,1.2,0.522,0.6,1.0,1.7,0.4,0.3,0.3,0.4,1.2,3.6
C,27,20,6,15.8,2.6,5.8,0.452,0.8,2.0,0.385,1.9,3.8,0.487,0.517,0.7,1.2,0.609,1.0,3.5,4.5,2.0,0.2,0.5,0.5,1.6,6.7
PF,24,26,2,17.7,3.9,7.7,0.507,0.5,1.4,0.333,3.5,6.3,0.545,0.537,1.7,2.4,0.714,0.9,2.5,3.4,1.3,0.2,0.1,0.8,1.7,10.0
C,35,18,18,26.7,5.9,12.5,0.476,1.3,3.7,0.358,4.6,8.8,0.525,0.529,0.9,1.2,0.762,0.8,3.5,4.3,1.9,0.4,0.9,0.9,1.5,14.1
PG,26,30,30,27.7,5.2,11.8,0.441,0.5,1.9,0.25,4.7,9.9,0.477,0.46,1.4,1.9,0.719,1.3,2.6,3.8,3.6,0.6,0.2,1.9,2.0,12.2
SG,27,18,1,15.3,1.7,3.4,0.5,0.4,1.2,0.333,1.3,2.3,0.585,0.556,1.1,1.6,0.69,0.9,1.6,2.5,0.4,0.9,0.1,0.6,1.2,4.9
PF,31,23,2,15.3,1.6,4.0,0.387,0.9,2.7,0.323,0.7,1.3,0.516,0.495,0.6,0.8,0.722,0.6,2.9,3.5,0.9,0.2,0.3,0.5,1.5,4.6
C,28,73,11,20.7,3.8,7.5,0.506,0.0,0.0,0.0,3.8,7.5,0.507,0.506,1.2,1.7,0.712,2.1,4.0,6.2,1.2,0.5,0.5,1.3,2.1,8.8
PG,20,25,17,26.7,4.0,10.8,0.375,1.1,3.3,0.325,3.0,7.4,0.398,0.426,1.8,2.2,0.836,0.8,3.6,4.4,3.8,0.7,0.4,2.0,2.0,11.0
PG,31,69,0,16.1,2.7,6.8,0.401,1.0,2.7,0.357,1.8,4.1,0.43,0.471,0.7,0.9,0.766,0.3,1.2,1.5,2.6,0.4,0.1,1.2,1.9,7.1
C,29,76,2,15.5,3.2,6.6,0.485,0.1,0.2,0.25,3.2,6.4,0.493,0.489,0.7,0.9,0.806,0.7,2.2,2.9,0.8,0.4,0.9,0.8,2.1,7.2
SG,23,34,0,4.2,0.4,1.4,0.265,0.1,0.6,0.238,0.2,0.8,0.286,0.316,0.1,0.1,1.0,0.3,0.6,0.9,0.3,0.1,0.0,0.3,0.2,1.1
PG,23,3,0,9.3,0.7,3.3,0.2,0.0,1.3,0.0,0.7,2.0,0.333,0.2,1.7,2.0,0.833,0.0,0.7,0.7,1.0,1.0,0.0,0.3,1.3,3.0
SG,22,25,22,26.6,4.0,10.0,0.406,1.6,4.4,0.355,2.5,5.6,0.446,0.484,1.1,1.4,0.8,0.2,2.7,2.9,1.7,0.5,0.4,1.0,2.1,10.8
C,38,5,0,3.8,0.6,1.0,0.6,0.0,0.0,0.0,0.6,1.0,0.6,0.6,0.4,0.4,1.0,0.2,0.6,0.8,0.0,0.0,0.0,0.6,0.8,1.6
PF,27,66,7,30.4,6.0,14.1,0.427,2.0,5.4,0.366,4.0,8.7,0.466,0.498,3.0,3.5,0.873,2.0,4.0,6.0,1.1,0.6,0.4,1.4,1.7,17.0
PG,21,39,0,8.0,0.7,2.7,0.274,0.2,0.7,0.222,0.6,2.0,0.291,0.302,0.2,0.3,0.8,0.6,1.0,1.6,0.9,0.2,0.0,0.5,0.6,1.8
SF,21,17,7,13.5,0.8,2.1,0.389,0.5,1.3,0.409,0.3,0.8,0.357,0.514,0.1,0.2,0.667,0.5,1.8,2.2,0.5,0.2,0.2,0.4,1.6,2.3
SG,25,80,80,33.3,8.1,17.3,0.47,3.5,8.1,0.425,4.7,9.2,0.51,0.569,2.4,2.8,0.873,0.4,3.4,3.8,2.1,0.8,0.6,1.7,1.9,22.1
SF,22,6,0,4.5,0.8,2.5,0.333,0.5,1.7,0.3,0.3,0.8,0.4,0.433,0.5,0.7,0.75,0.0,0.7,0.7,0.5,0.2,0.2,0.7,0.0,2.7
PG,22,4,0,10.5,1.5,3.5,0.429,1.3,2.3,0.556,0.3,1.3,0.2,0.607,0.3,0.8,0.333,0.3,0.8,1.0,0.8,0.8,0.0,0.5,1.8,4.5
SF,25,28,2,28.0,3.1,7.0,0.451,1.4,4.1,0.348,1.7,2.9,0.6,0.554,1.1,1.6,0.711,1.0,6.4,7.5,2.1,0.8,0.2,0.8,2.2,8.9
SG,28,79,79,26.1,2.7,7.1,0.376,1.5,4.4,0.332,1.2,2.7,0.448,0.48,0.4,0.6,0.739,0.6,3.2,3.8,1.8,1.0,0.8,0.9,1.8,7.2
SF,28,23,5,19.0,2.1,5.7,0.366,0.6,2.0,0.298,1.5,3.7,0.405,0.42,0.2,0.3,0.667,0.2,1.5,1.7,1.2,0.7,0.1,0.8,1.4,5.0
C,26,25,1,12.8,1.2,3.0,0.413,0.0,0.0,0.0,1.2,3.0,0.413,0.413,1.0,1.5,0.658,1.3,1.6,2.9,0.6,0.2,0.4,0.5,1.7,3.5
PG,27,77,53,29.1,5.2,12.6,0.411,0.7,2.2,0.329,4.4,10.4,0.428,0.44,1.6,2.3,0.693,0.6,3.4,4.0,6.5,1.1,0.3,2.3,1.7,12.6
SF,25,22,5,15.0,2.5,5.1,0.478,1.2,2.6,0.448,1.3,2.5,0.509,0.593,1.1,1.5,0.735,1.0,1.0,1.9,1.0,0.7,0.2,0.9,1.3,7.2
C,22,80,80,25.2,3.3,5.3,0.613,0.0,0.0,0.0,3.3,5.3,0.613,0.613,1.4,2.5,0.582,2.7,3.9,6.7,0.8,0.5,1.1,1.1,2.8,8.0
C,28,28,16,25.1,4.9,8.4,0.581,0.0,0.0,0.0,4.9,8.4,0.581,0.581,1.8,2.3,0.754,4.1,7.0,11.1,1.1,0.5,0.8,1.2,2.5,11.5
SF,27,10,3,10.9,0.4,1.0,0.4,0.4,0.8,0.5,0.0,0.2,0.0,0.6,0.0,0.2,0.0,0.1,0.8,0.9,0.7,0.2,0.3,0.2,1.2,1.2
C,31,47,18,23.3,5.2,10.7,0.485,0.0,0.0,0.0,5.2,10.7,0.485,0.485,1.5,2.4,0.649,1.2,5.2,6.4,1.5,0.6,0.9,0.7,2.5,12.0
C,27,77,77,33.7,4.6,6.6,0.703,0.0,0.0,0.0,4.6,6.6,0.704,0.703,3.5,8.0,0.43,3.5,10.3,13.8,1.2,0.7,2.3,1.4,2.7,12.7
C,34,19,19,28.2,5.9,13.0,0.453,2.2,5.5,0.39,3.7,7.5,0.5,0.536,0.7,0.9,0.778,0.8,6.1,6.9,3.6,0.9,0.8,1.3,1.7,14.7
SG,22,52,2,21.3,2.4,5.2,0.452,1.0,2.2,0.461,1.3,3.0,0.446,0.55,0.8,1.2,0.667,0.4,1.7,2.1,1.4,0.7,0.5,0.7,2.1,6.6
C,31,19,1,17.7,2.6,4.9,0.532,1.1,2.1,0.5,1.6,2.8,0.556,0.638,1.4,1.6,0.839,1.4,3.4,4.8,1.4,0.8,0.7,1.1,1.8,7.7
SF,24,16,0,14.7,2.6,4.9,0.519,1.7,4.0,0.422,0.9,0.9,0.933,0.69,0.4,0.6,0.778,0.1,1.0,1.1,0.5,0.1,0.0,0.2,1.2,7.3
C,28,29,0,21.8,2.5,4.8,0.514,0.1,0.4,0.25,2.4,4.4,0.539,0.525,1.6,2.1,0.742,2.8,3.2,6.0,1.2,0.7,0.7,0.7,1.7,6.7
PG,24,18,5,16.2,2.3,6.4,0.353,0.9,3.9,0.239,1.3,2.5,0.533,0.427,0.8,0.9,0.882,0.2,1.0,1.2,1.5,0.4,0.1,1.0,2.0,6.3
PG,22,4,0,3.3,0.0,0.5,0.0,0.0,0.5,0.0,0.0,0.0,0.0,0.0,0.5,0.5,1.0,0.0,0.3,0.3,0.3,0.5,0.0,0.0,0.5,0.5
PF,20,72,72,28.4,5.2,12.3,0.421,1.1,3.4,0.333,4.1,8.9,0.454,0.467,2.8,3.3,0.838,1.8,5.5,7.3,1.3,0.7,1.9,1.7,2.8,14.3
PF,26,27,6,19.6,2.0,4.7,0.414,1.3,3.3,0.378,0.7,1.4,0.5,0.547,0.7,0.9,0.72,0.6,2.5,3.1,0.9,0.3,0.0,0.4,1.2,5.9
C,23,11,0,12.6,1.5,3.4,0.432,0.0,0.0,0.0,1.5,3.4,0.432,0.432,1.1,1.5,0.75,0.6,2.7,3.4,0.4,0.1,1.4,0.5,1.3,4.0
PG,20,11,0,5.1,0.5,1.5,0.313,0.0,0.6,0.0,0.5,0.8,0.556,0.313,0.1,0.3,0.333,0.0,0.5,0.5,0.5,0.5,0.0,0.2,0.2,1.0
PF,31,53,53,33.5,6.8,14.5,0.467,1.5,4.2,0.365,5.2,10.3,0.508,0.52,4.0,5.1,0.795,0.9,6.5,7.4,2.4,0.7,0.6,1.5,1.9,19.1
C,21,7,0,4.4,1.0,1.4,0.7,0.0,0.0,0.0,1.0,1.4,0.7,0.7,1.0,2.0,0.5,0.6,1.6,2.1,0.4,0.1,0.6,0.1,0.6,3.0
SF,23,29,11,20.7,1.3,4.3,0.31,0.7,2.4,0.286,0.7,1.9,0.339,0.389,0.6,0.7,0.85,0.3,2.1,2.4,0.7,0.5,0.2,0.5,1.2,4.0
PG,29,27,1,19.8,2.7,5.7,0.471,0.7,2.0,0.327,2.0,3.7,0.55,0.529,0.7,1.0,0.741,0.4,1.7,2.1,2.4,0.8,0.2,1.1,2.2,6.8
SG,20,24,24,33.0,2.8,7.1,0.388,0.7,2.7,0.25,2.1,4.4,0.472,0.435,1.3,1.9,0.674,0.9,1.5,2.4,1.9,1.1,0.4,1.4,2.9,7.5
PF,32,36,12,15.8,3.9,6.9,0.556,0.2,0.4,0.462,3.7,6.6,0.561,0.568,1.9,2.5,0.736,1.4,2.7,4.1,0.9,0.3,0.3,0.6,1.9,9.8
SG,27,28,5,18.4,3.5,7.2,0.48,2.0,4.3,0.471,1.4,2.9,0.494,0.621,0.5,0.7,0.7,0.2,1.0,1.1,0.5,0.3,0.0,0.7,1.2,9.5
SF,20,12,0,8.0,1.2,2.4,0.483,0.4,1.5,0.278,0.8,0.9,0.818,0.569,0.5,0.8,0.667,0.3,0.7,1.0,0.3,0.3,0.3,0.3,1.3,3.3
PF,22,19,19,29.2,4.7,10.3,0.454,0.8,2.6,0.3,3.9,7.7,0.507,0.492,3.1,3.9,0.784,1.2,4.3,5.4,2.0,0.6,0.1,1.0,2.1,13.2
PG,28,56,56,31.4,5.3,12.4,0.422,1.4,3.8,0.363,3.9,8.6,0.449,0.478,3.4,4.1,0.834,0.5,2.5,2.9,6.1,1.2,0.3,1.5,1.8,15.3
PG,24,23,0,12.3,1.3,3.4,0.385,0.2,0.8,0.222,1.1,2.6,0.433,0.41,0.6,1.1,0.52,0.1,1.2,1.3,3.3,0.8,0.2,1.4,1.2,3.3
SG,22,12,0,3.5,0.4,1.6,0.263,0.1,0.8,0.111,0.3,0.8,0.4,0.289,0.3,0.3,0.75,0.0,0.3,0.3,0.1,0.0,0.0,0.3,0.1,1.2
PG,32,53,0,16.4,1.8,4.3,0.422,0.3,1.2,0.262,1.5,3.2,0.479,0.457,0.5,0.5,0.931,0.3,1.4,1.7,3.4,0.5,0.1,1.5,1.4,4.5
C,36,17,1,13.2,1.8,4.2,0.431,0.0,0.1,0.0,1.8,4.2,0.437,0.431,0.5,0.5,0.889,0.5,3.2,3.7,1.1,0.5,0.5,0.6,1.9,4.1
PG,25,77,77,36.2,7.4,17.5,0.424,1.5,4.3,0.351,5.9,13.3,0.448,0.467,3.5,4.5,0.791,0.5,4.4,4.9,10.2,1.9,0.8,4.1,2.1,19.9
SF,35,48,0,9.6,1.2,3.0,0.408,0.9,2.2,0.394,0.4,0.8,0.447,0.553,0.4,0.5,0.808,0.2,0.9,1.0,0.3,0.2,0.2,0.3,1.0,3.7
C,19,3,0,2.0,0.3,1.0,0.333,0.0,0.3,0.0,0.3,0.7,0.5,0.333,0.3,0.7,0.5,0.7,0.3,1.0,0.3,0.0,0.3,0.0,0.0,1.0
SG,20,29,0,6.9,0.4,1.2,0.306,0.2,0.9,0.231,0.2,0.3,0.5,0.389,0.0,0.1,0.25,0.1,0.8,0.9,0.3,0.2,0.0,0.2,0.6,1.0
PG,24,24,6,24.1,4.3,8.3,0.515,1.1,2.8,0.382,3.2,5.5,0.583,0.58,2.0,2.3,0.889,0.2,3.0,3.2,3.6,0.4,0.0,1.2,1.5,11.7
PG,23,64,0,21.3,4.1,9.9,0.413,1.4,4.0,0.344,2.7,5.9,0.46,0.483,1.0,1.3,0.817,0.3,1.5,1.8,2.3,0.5,0.1,1.3,1.3,10.6
C,22,13,0,8.7,2.2,4.2,0.519,0.3,1.2,0.267,1.8,3.0,0.615,0.556,0.2,0.4,0.6,1.2,2.5,3.8,0.3,0.2,0.8,0.3,1.1,4.8
C,19,60,30,22.8,4.4,8.8,0.498,0.1,0.2,0.214,4.4,8.6,0.506,0.501,1.5,2.0,0.727,1.1,4.4,5.5,0.7,0.4,1.4,1.1,2.6,10.3
SG,28,28,23,29.4,3.7,8.1,0.456,0.9,2.4,0.353,2.9,5.7,0.5,0.509,2.2,2.8,0.785,1.1,3.5,4.6,4.9,1.4,0.5,1.2,1.1,10.5
SG,27,29,29,31.1,5.1,11.5,0.441,1.0,3.1,0.311,4.1,8.4,0.49,0.483,3.1,3.8,0.82,0.6,3.0,3.6,4.3,0.9,0.2,2.2,2.7,14.2
SF,23,3,0,2.7,0.0,0.7,0.0,0.0,0.3,0.0,0.0,0.3,0.0,0.0,0.3,0.7,0.5,0.0,0.7,0.7,0.3,0.0,0.0,0.0,0.0,0.3
SG,27,20,2,15.2,2.2,5.8,0.374,1.4,4.2,0.337,0.8,1.6,0.469,0.496,0.7,0.9,0.722,0.4,1.8,2.2,1.0,0.6,0.1,1.1,1.3,6.4
SF,22,1,0,5.0,1.0,2.0,0.5,0.0,0.0,0.0,1.0,2.0,0.5,0.5,1.0,1.0,1.0,0.0,1.0,1.0,0.0,0.0,0.0,0.0,0.0,3.0
SF,25,17,0,9.4,1.2,2.2,0.526,0.2,0.8,0.231,1.0,1.5,0.68,0.566,0.5,0.6,0.8,0.6,1.4,2.0,0.9,0.4,0.0,0.5,0.5,3.0
C,27,3,0,9.3,1.0,2.3,0.429,0.0,0.0,0.0,1.0,2.3,0.429,0.429,0.0,0.0,0.0,1.0,1.3,2.3,0.0,0.0,1.0,1.0,3.0,2.0
SG,21,16,1,13.3,1.7,4.4,0.38,1.3,3.5,0.375,0.4,0.9,0.4,0.528,0.3,0.3,1.0,0.3,0.9,1.2,0.9,0.4,0.3,0.3,1.3,5.0
SF,23,21,0,14.5,1.2,3.3,0.357,0.6,1.9,0.325,0.6,1.4,0.4,0.45,0.6,0.8,0.765,0.4,1.1,1.5,0.7,0.3,0.3,0.3,1.9,3.6
C,22,81,81,32.9,6.8,13.1,0.521,0.0,0.1,0.333,6.8,13.0,0.522,0.522,2.6,7.2,0.355,4.9,9.9,14.8,0.8,1.5,1.4,1.9,3.0,16.2
PG,30,78,3,19.5,2.6,4.9,0.536,0.0,0.2,0.167,2.6,4.7,0.548,0.538,1.0,1.2,0.86,0.5,1.6,2.2,3.0,0.7,0.3,1.0,1.8,6.3
C,25,17,17,29.9,7.8,16.4,0.473,2.2,6.4,0.352,5.5,10.1,0.55,0.541,2.8,3.2,0.855,2.1,6.2,8.2,1.3,0.4,1.6,1.2,3.3,20.5
PF,21,5,0,11.0,1.8,4.4,0.409,0.0,0.6,0.0,1.8,3.8,0.474,0.409,0.0,0.0,0.0,1.4,0.6,2.0,0.6,0.2,0.8,1.0,0.8,3.6
SG,24,20,4,16.1,1.9,4.8,0.389,1.5,3.8,0.382,0.4,1.0,0.421,0.542,1.9,2.1,0.902,0.4,1.1,1.5,0.5,0.9,0.2,0.2,1.6,7.0
SF,21,13,0,14.7,1.2,3.6,0.34,0.9,2.9,0.316,0.3,0.7,0.444,0.468,0.4,0.5,0.714,0.5,1.8,2.3,0.5,0.0,0.3,0.7,1.8,3.8
C,25,27,9,22.2,3.0,4.9,0.611,0.0,0.0,0.0,3.0,4.9,0.611,0.611,0.4,1.4,0.316,3.0,4.0,7.0,1.7,0.6,1.5,1.1,2.1,6.4
PF,28,19,18,33.4,3.7,7.6,0.483,1.3,3.3,0.381,2.4,4.3,0.561,0.566,0.6,1.1,0.571,1.4,5.4,6.8,3.2,1.9,0.5,1.5,2.2,9.3
SF,24,80,9,17.9,3.2,7.1,0.45,0.6,1.9,0.293,2.6,5.2,0.506,0.488,2.4,3.2,0.758,0.6,3.1,3.7,0.9,0.4,0.1,0.8,0.9,9.3
C,34,25,24,18.8,2.4,5.8,0.411,0.5,2.2,0.222,1.9,3.7,0.522,0.452,0.3,0.4,0.778,1.5,3.9,5.4,1.0,0.3,0.3,0.8,2.5,5.6
PG,23,81,17,19.8,2.7,5.7,0.47,0.4,1.1,0.348,2.3,4.6,0.499,0.503,0.3,0.5,0.634,0.5,2.6,3.1,4.5,1.2,0.1,1.7,1.4,6.1
PG,32,62,18,19.5,1.9,4.9,0.384,1.1,3.2,0.347,0.8,1.7,0.453,0.497,0.5,0.7,0.756,0.4,1.2,1.6,2.4,1.2,0.2,1.1,2.6,5.3
C,31,52,52,34.4,6.3,13.6,0.464,0.0,0.1,0.667,6.3,13.5,0.463,0.465,3.9,4.7,0.829,1.1,5.8,7.0,3.8,1.0,1.3,2.3,2.7,16.6
SG,23,23,0,8.0,0.4,1.3,0.323,0.4,1.1,0.346,0.0,0.2,0.2,0.468,0.2,0.3,0.833,0.5,1.3,1.8,0.3,0.1,0.2,0.3,1.1,1.5
C,27,60,5,13.3,2.2,3.8,0.596,0.0,0.0,0.0,2.2,3.8,0.596,0.596,1.0,1.4,0.714,1.4,3.4,4.8,0.8,0.8,1.1,1.1,2.3,5.5
C,23,61,60,31.7,3.2,5.8,0.559,0.0,0.0,0.0,3.2,5.8,0.559,0.559,2.6,4.6,0.569,3.4,7.5,11.0,1.5,0.7,2.2,1.9,2.7,9.1
PF,20,24,1,13.1,1.5,4.3,0.353,0.4,1.6,0.256,1.1,2.6,0.413,0.402,0.7,1.0,0.739,0.6,1.8,2.4,0.6,0.4,0.1,0.7,1.5,4.1
SG,29,8,0,8.0,1.1,2.4,0.474,0.4,0.9,0.429,0.8,1.5,0.5,0.553,0.4,0.4,1.0,0.4,0.8,1.1,0.8,0.0,0.1,0.5,0.5,3.0
PG,33,27,0,17.8,1.7,5.1,0.336,1.2,3.3,0.364,0.5,1.8,0.286,0.453,1.3,1.4,0.895,0.4,0.8,1.2,3.0,0.5,0.0,0.8,0.7,5.9
PF,22,51,1,13.8,2.2,4.4,0.514,0.2,0.9,0.182,2.1,3.5,0.596,0.532,1.0,1.5,0.689,1.2,1.4,2.6,0.6,0.4,0.8,0.6,1.8,5.6
SF,20,22,16,22.9,2.5,6.0,0.424,1.2,3.5,0.355,1.3,2.5,0.518,0.527,0.5,0.9,0.579,0.5,4.4,4.9,1.6,0.8,0.2,0.8,2.8,6.8
SF,37,26,2,21.2,1.6,4.3,0.369,1.0,3.3,0.318,0.5,1.0,0.538,0.491,0.2,0.4,0.455,0.5,3.1,3.6,2.3,1.0,0.5,1.0,1.5,4.4
PG,28,21,6,18.9,3.1,6.7,0.468,1.0,2.7,0.368,2.1,4.0,0.536,0.543,0.8,1.0,0.8,0.5,1.8,2.2,1.7,1.0,0.1,0.6,1.3,8.0
PF,22,19,6,21.2,3.4,6.3,0.546,0.5,1.3,0.375,2.9,5.0,0.589,0.584,0.6,0.8,0.75,1.4,3.1,4.5,1.6,1.0,0.6,0.9,2.5,7.9
PF,25,59,29,14.8,2.0,3.6,0.556,0.3,0.8,0.388,1.7,2.8,0.606,0.6,0.8,1.2,0.735,1.1,2.1,3.2,0.5,0.5,0.4,0.5,1.7,5.2
SG,20,17,5,12.5,1.0,2.1,0.472,0.1,0.7,0.167,0.9,1.4,0.625,0.5,0.4,0.6,0.545,0.7,1.6,2.3,0.6,0.2,0.1,0.6,0.9,2.5
PG,27,71,63,28.7,3.6,8.4,0.434,1.7,4.4,0.4,1.9,4.0,0.472,0.539,0.8,1.2,0.682,1.0,2.5,3.5,3.4,1.3,0.4,1.3,3.3,9.9
C,33,53,0,9.4,1.0,2.3,0.427,0.0,0.0,0.0,1.0,2.3,0.431,0.427,0.6,0.9,0.64,0.7,2.0,2.7,0.7,0.3,0.2,0.4,1.3,2.6
SG,24,5,0,4.8,0.2,1.0,0.2,0.0,0.2,0.0,0.2,0.8,0.25,0.2,0.4,0.4,1.0,0.0,0.4,0.4,0.6,0.2,0.0,1.2,1.4,0.8
C,23,10,10,27.1,5.9,9.1,0.648,0.9,2.1,0.429,5.0,7.0,0.714,0.698,1.6,2.4,0.667,1.8,4.3,6.1,1.5,0.4,0.8,1.1,3.1,14.3
PF,21,28,2,14.6,2.6,4.4,0.59,0.0,0.0,0.0,2.6,4.4,0.59,0.59,1.3,2.4,0.561,1.3,2.7,4.0,0.6,0.4,0.5,1.0,1.9,6.5
SG,27,16,0,3.4,0.4,1.2,0.316,0.0,0.1,0.0,0.4,1.1,0.333,0.316,0.3,0.4,0.833,0.2,0.4,0.6,0.5,0.1,0.0,0.3,0.2,1.1
SF,23,82,0,20.5,3.9,8.3,0.465,0.5,1.9,0.289,3.3,6.5,0.516,0.498,2.3,3.0,0.764,1.2,2.0,3.3,0.6,0.3,0.1,0.9,1.1,10.5
C,22,7,0,2.6,0.4,0.7,0.6,0.0,0.0,0.0,0.4,0.7,0.6,0.6,0.1,0.3,0.5,0.1,0.4,0.6,0.1,0.1,0.0,0.0,0.1,1.0
PG,29,12,10,24.3,3.5,8.3,0.42,1.3,3.8,0.356,2.2,4.6,0.473,0.5,0.8,0.8,1.0,0.3,1.8,2.1,3.1,1.3,0.2,1.5,1.8,9.2
SF,23,10,0,10.8,1.6,3.3,0.485,0.2,0.9,0.222,1.4,2.4,0.583,0.515,0.7,1.1,0.636,0.4,1.7,2.1,0.6,0.2,0.0,0.9,1.5,4.1
C,31,29,29,24.2,4.8,9.2,0.515,1.0,2.7,0.377,3.8,6.6,0.571,0.569,1.2,1.5,0.818,1.9,4.8,6.7,1.7,0.2,1.2,1.3,1.9,11.8
C,28,26,16,22.5,2.7,4.6,0.58,0.0,0.0,0.0,2.7,4.5,0.585,0.58,0.8,1.8,0.447,2.2,3.6,5.8,1.3,0.2,1.2,0.9,2.3,6.1
SG,25,19,8,23.9,3.2,7.4,0.429,2.3,5.3,0.436,0.8,2.1,0.41,0.586,1.7,1.9,0.892,0.4,2.5,2.9,2.1,1.0,0.2,1.1,1.3,10.4
PG,23,4,0,14.3,2.3,5.8,0.391,0.5,2.0,0.25,1.8,3.8,0.467,0.435,0.8,1.0,0.75,0.5,1.0,1.5,2.0,0.0,0.3,1.0,0.3,5.8
SF,36,35,5,16.9,1.6,5.1,0.311,0.7,2.4,0.31,0.8,2.7,0.312,0.384,1.1,1.6,0.702,0.5,2.0,2.5,0.8,0.6,0.3,0.4,1.9,5.0
PG,32,20,20,24.2,2.7,6.2,0.435,1.8,4.0,0.443,1.0,2.3,0.422,0.577,1.1,1.5,0.759,1.0,3.2,4.2,2.2,1.0,0.8,0.8,3.4,8.3
SG,21,76,76,32.1,4.7,10.1,0.469,1.4,3.9,0.354,3.3,6.2,0.543,0.538,1.4,1.8,0.82,0.7,2.2,2.9,1.9,1.3,0.2,1.3,1.9,12.3
SF,38,68,38,18.1,2.1,5.8,0.363,1.1,3.6,0.31,1.0,2.3,0.445,0.457,0.8,1.0,0.818,0.2,2.6,2.7,1.0,0.5,0.3,0.9,1.9,6.1
PF,30,26,26,31.4,2.7,7.2,0.371,1.7,5.1,0.333,1.0,2.1,0.463,0.489,0.6,0.7,0.889,0.8,5.4,6.2,1.8,1.6,0.9,1.0,2.6,7.6
SF,35,74,5,17.9,1.9,4.2,0.458,0.9,2.3,0.382,1.0,1.9,0.554,0.564,0.8,1.2,0.667,0.2,1.5,1.7,0.8,0.4,0.2,0.6,1.7,5.5
SG,28,9,2,23.7,3.3,8.7,0.385,2.3,6.4,0.362,1.0,2.2,0.45,0.519,0.9,1.0,0.889,0.2,3.6,3.8,2.1,0.4,0.1,1.2,2.0,9.9
SG,27,78,13,26.3,3.8,9.3,0.412,1.0,2.9,0.336,2.9,6.4,0.446,0.464,3.1,3.7,0.815,0.5,2.7,3.2,3.0,0.7,0.5,1.9,2.1,11.7
SF,20,7,0,7.3,0.6,2.6,0.222,0.1,1.1,0.125,0.4,1.4,0.3,0.25,0.4,1.0,0.429,0.1,1.1,1.3,1.0,0.0,0.0,0.6,1.0,1.7
SG,27,26,15,28.3,5.5,11.8,0.464,2.3,5.3,0.424,3.2,6.5,0.497,0.56,3.0,3.4,0.876,0.4,2.5,2.9,1.5,1.1,0.2,1.4,2.0,16.3
PF,20,8,0,4.5,0.6,1.3,0.5,0.0,0.0,0.0,0.6,1.3,0.5,0.5,0.0,0.0,0.0,0.3,0.5,0.8,0.0,0.1,0.3,0.1,0.1,1.3
C,27,4,0,4.5,0.3,0.8,0.333,0.0,0.0,0.0,0.3,0.8,0.333,0.333,0.5,1.0,0.5,0.5,0.5,1.0,0.3,0.0,0.5,0.3,0.3,1.0
SG,24,31,3,25.7,4.4,10.8,0.41,1.0,2.5,0.405,3.4,8.2,0.412,0.458,3.4,4.5,0.752,0.5,3.0,3.5,2.0,0.6,0.1,1.6,2.3,13.3
PF,22,24,6,19.3,1.9,4.3,0.451,0.9,2.2,0.415,1.0,2.0,0.49,0.559,0.6,1.2,0.517,1.0,2.0,3.0,1.0,0.5,0.4,1.0,3.0,5.4
SF,25,11,0,3.9,0.5,1.6,0.333,0.2,0.7,0.25,0.4,0.9,0.4,0.389,0.0,0.0,0.0,0.1,0.9,1.0,0.0,0.2,0.0,0.4,0.4,1.3
C,24,39,0,12.7,1.5,2.7,0.548,0.0,0.0,0.0,1.5,2.7,0.548,0.548,0.5,1.2,0.422,1.1,2.9,4.0,0.4,0.4,0.5,0.6,2.0,3.4
C,31,70,66,20.7,2.5,4.0,0.627,0.0,0.0,1.0,2.5,4.0,0.626,0.629,0.3,0.7,0.48,1.7,5.3,7.0,2.3,0.5,1.6,1.2,3.2,5.4
PF,28,79,2,20.7,2.4,4.9,0.49,0.2,0.5,0.293,2.3,4.4,0.513,0.505,0.9,1.3,0.67,2.1,3.6,5.7,1.1,0.7,0.5,1.0,2.1,5.9
SG,22,15,0,21.1,3.6,8.0,0.45,2.2,4.4,0.5,1.4,3.6,0.389,0.588,1.1,1.3,0.85,0.3,2.0,2.3,1.8,0.3,0.1,1.1,1.3,10.5
PG,30,27,12,25.1,2.5,6.7,0.37,0.6,2.1,0.276,1.9,4.6,0.415,0.414,1.6,2.0,0.83,0.4,3.0,3.4,6.5,1.3,0.0,2.1,2.2,7.2
SG,27,16,10,21.8,2.6,4.7,0.56,0.7,1.6,0.423,1.9,3.1,0.633,0.633,0.6,0.9,0.714,0.8,4.0,4.8,2.3,0.6,0.7,1.1,2.3,6.6
C,28,34,2,10.9,2.3,3.9,0.575,0.0,0.0,0.0,2.3,3.9,0.579,0.575,0.5,1.1,0.5,1.6,2.4,3.9,0.1,0.1,0.8,0.6,1.4,5.1
PF,23,14,14,30.4,6.8,13.2,0.514,2.9,7.2,0.396,3.9,6.0,0.655,0.622,2.7,3.2,0.844,0.6,5.5,6.1,0.9,0.6,0.4,1.7,2.2,19.1
C,25,28,1,21.8,5.0,9.0,0.556,1.1,2.2,0.484,3.9,6.8,0.579,0.615,0.7,1.0,0.679,2.0,5.3,7.3,1.1,0.9,0.4,0.8,2.0,11.8
PG,23,76,6,16.6,2.0,5.1,0.394,0.3,1.3,0.22,1.7,3.8,0.454,0.422,1.3,1.6,0.78,0.3,1.6,1.9,2.3,0.7,0.1,1.1,1.3,5.6
PF,26,12,4,18.2,2.5,6.2,0.405,1.1,3.1,0.351,1.4,3.1,0.459,0.493,2.0,2.3,0.889,0.2,2.7,2.8,0.6,0.7,0.7,0.9,1.8,8.1
C,28,29,29,30.3,5.4,8.5,0.64,0.0,0.0,0.0,5.4,8.5,0.642,0.64,3.3,5.8,0.581,3.5,9.9,13.4,1.3,0.4,2.7,1.6,2.2,14.2
SG,27,24,24,35.3,11.4,24.0,0.473,2.5,7.4,0.337,8.9,16.6,0.534,0.525,7.5,8.4,0.896,1.4,3.8,5.2,4.7,1.3,0.5,3.1,2.5,32.8
PG,26,16,0,17.2,2.6,5.6,0.461,0.9,2.4,0.395,1.6,3.2,0.51,0.545,0.6,0.6,1.0,0.1,1.8,1.9,3.6,0.6,0.2,1.2,2.1,6.6
SG,27,45,44,32.9,5.1,12.3,0.418,2.5,6.5,0.384,2.6,5.7,0.457,0.521,2.5,2.8,0.888,0.2,2.0,2.2,2.7,1.0,0.3,1.6,2.2,15.2
PG,25,8,0,7.6,1.0,3.1,0.32,0.1,1.0,0.125,0.9,2.1,0.412,0.34,0.4,0.5,0.75,0.0,0.9,0.9,1.4,0.4,0.1,1.1,0.5,2.5
C,27,20,6,14.6,2.4,3.8,0.627,0.3,1.0,0.316,2.1,2.8,0.732,0.667,1.0,1.7,0.588,0.8,2.8,3.5,1.1,0.4,1.1,1.2,1.9,6.0
SF,27,53,53,34.7,5.4,13.2,0.41,1.6,4.5,0.364,3.8,8.7,0.434,0.472,7.1,8.2,0.868,1.0,4.3,5.3,2.5,0.8,0.4,1.5,1.6,19.5
C,27,54,4,9.4,1.9,3.2,0.603,0.0,0.0,0.0,1.9,3.2,0.603,0.603,1.6,2.1,0.763,1.4,2.2,3.6,0.4,0.2,0.4,0.5,1.0,5.5
C,27,25,25,29.6,5.4,8.4,0.648,0.0,0.2,0.2,5.4,8.2,0.659,0.65,1.8,2.3,0.793,2.5,5.2,7.7,1.8,0.7,1.6,1.5,4.1,12.8
C,31,75,74,30.1,5.8,10.2,0.567,0.0,0.0,0.0,5.8,10.2,0.567,0.567,1.9,2.8,0.705,3.0,6.9,9.9,1.4,0.6,1.3,1.6,2.6,13.5
PF,23,9,0,6.0,1.0,2.4,0.409,0.3,1.0,0.333,0.7,1.4,0.462,0.477,0.8,0.9,0.875,0.9,0.7,1.6,0.1,0.2,0.3,0.4,0.8,3.1
SF,25,67,49,28.4,4.1,10.6,0.385,2.5,7.2,0.353,1.6,3.4,0.452,0.504,2.1,2.6,0.791,1.0,5.3,6.3,1.4,1.6,0.6,2.1,3.5,12.8
C,30,46,0,13.8,2.8,6.1,0.455,0.1,0.3,0.188,2.7,5.7,0.471,0.461,1.0,1.2,0.825,0.6,1.5,2.1,0.4,0.1,0.2,0.6,1.3,6.6
PF,24,50,11,20.9,3.3,7.3,0.452,0.5,1.6,0.316,2.8,5.8,0.49,0.486,1.5,2.3,0.664,1.2,3.0,4.2,0.8,0.5,0.8,1.0,1.7,8.7
PF,20,15,0,7.5,1.1,2.1,0.5,0.7,1.3,0.5,0.4,0.8,0.5,0.656,0.1,0.3,0.5,0.3,0.5,0.9,0.0,0.1,0.1,0.0,0.5,2.9
C,32,15,0,7.2,1.9,3.6,0.519,0.0,0.2,0.0,1.9,3.4,0.549,0.519,0.6,0.9,0.692,1.3,2.0,3.3,0.1,0.0,0.0,0.2,0.8,4.3
PF,25,39,2,10.9,1.9,3.4,0.571,0.0,0.0,0.0,1.9,3.4,0.571,0.571,0.8,1.4,0.545,1.3,1.9,3.1,0.3,0.2,0.8,0.4,1.2,4.7
SG,21,21,0,4.4,0.2,0.9,0.263,0.1,0.5,0.3,0.1,0.4,0.222,0.342,0.2,0.6,0.417,0.2,0.5,0.7,0.1,0.3,0.0,0.2,0.5,0.9
SG,38,58,0,19.6,3.4,7.5,0.453,1.2,3.1,0.391,2.2,4.4,0.496,0.533,1.6,1.9,0.813,0.4,2.1,2.5,3.1,1.1,0.2,1.7,1.7,9.6
SG,23,14,0,17.4,2.3,5.5,0.416,0.6,1.6,0.391,1.6,3.9,0.426,0.474,0.5,1.0,0.5,0.2,2.0,2.2,1.6,0.9,0.2,1.1,1.8,5.7
PG,21,61,10,27.3,3.0,8.7,0.348,1.0,4.0,0.253,2.0,4.7,0.427,0.405,2.1,2.7,0.777,1.2,2.9,4.2,3.0,1.5,0.3,1.3,3.0,9.1
SG,23,26,0,19.0,2.3,6.2,0.377,1.6,4.5,0.347,0.8,1.7,0.455,0.503,1.1,1.3,0.879,0.2,1.3,1.5,1.3,0.5,0.2,0.8,1.3,7.4
PG,25,65,23,28.2,6.3,14.4,0.439,1.3,4.0,0.336,5.0,10.4,0.478,0.485,2.8,3.3,0.843,0.4,2.6,3.0,6.0,1.4,0.3,2.6,2.3,16.8
PF,30,72,5,18.6,1.8,4.6,0.386,1.4,3.8,0.36,0.4,0.8,0.5,0.533,0.4,0.7,0.617,0.5,2.6,3.2,0.7,0.4,0.2,0.4,1.2,5.3
PF,28,12,2,17.7,2.9,4.3,0.673,0.0,0.0,0.0,2.9,4.3,0.673,0.673,1.1,2.0,0.542,1.2,2.4,3.6,0.5,0.4,1.3,0.8,1.8,6.9
PG,28,66,13,21.4,2.1,5.4,0.393,0.5,1.6,0.333,1.6,3.7,0.419,0.444,0.9,1.3,0.686,0.4,1.4,1.8,3.6,0.8,0.1,1.4,1.3,5.7
SG,26,28,28,36.4,6.9,16.6,0.417,3.3,8.7,0.377,3.6,7.9,0.462,0.516,3.3,3.6,0.892,0.7,3.5,4.2,6.6,1.7,0.7,2.1,2.3,20.4
SG,21,27,27,29.6,4.3,10.6,0.409,1.9,5.7,0.323,2.5,4.9,0.511,0.497,2.0,2.6,0.746,0.7,2.8,3.5,1.4,0.9,0.3,1.5,2.5,12.5
PF,24,25,1,14.7,1.0,2.5,0.403,0.6,1.5,0.405,0.4,1.0,0.4,0.524,0.4,0.6,0.786,0.6,2.0,2.5,1.4,0.8,0.3,0.7,1.7,3.0
PF,24,8,0,6.0,0.4,0.8,0.5,0.0,0.0,0.0,0.4,0.8,0.5,0.5,0.3,0.5,0.5,0.4,1.0,1.4,0.1,0.0,0.5,0.4,0.5,1.0
SF,25,23,1,15.8,2.2,5.2,0.42,0.7,2.2,0.3,1.5,3.0,0.507,0.483,0.6,1.1,0.56,0.8,2.0,2.8,1.3,0.9,0.3,0.7,1.1,5.6
PF,24,1,0,2.0,1.0,1.0,1.0,0.0,0.0,0.0,1.0,1.0,1.0,1.0,0.0,0.0,0.0,0.0,0.0,0.0,0.0,0.0,0.0,0.0,0.0,2.0
PG,29,23,0,20.0,2.0,6.0,0.326,0.8,3.2,0.247,1.2,2.8,0.415,0.391,1.0,1.1,0.846,0.2,1.8,2.0,4.0,0.4,0.0,1.7,1.8,5.7
SG,31,27,26,28.9,4.6,10.5,0.437,2.2,5.4,0.401,2.4,5.1,0.474,0.54,1.3,2.0,0.648,0.5,3.1,3.6,3.7,0.7,0.3,1.7,1.5,12.7
PF,30,24,16,27.9,3.4,8.9,0.379,2.4,6.9,0.345,1.0,2.0,0.49,0.512,1.2,1.4,0.848,0.4,4.8,5.2,2.2,0.9,0.2,0.8,2.0,10.3
PF,34,30,13,26.0,3.5,6.9,0.505,1.6,3.7,0.427,1.9,3.2,0.594,0.619,1.2,1.5,0.822,0.5,3.3,3.7,1.4,0.7,0.3,0.8,2.0,9.7
PF,22,22,9,20.2,3.4,6.2,0.54,0.5,1.6,0.314,2.9,4.6,0.618,0.58,1.3,1.9,0.69,1.6,3.5,5.2,1.5,0.7,0.6,1.0,2.5,8.5
SF,29,82,12,20.4,2.6,6.7,0.384,0.7,2.7,0.272,1.8,4.0,0.46,0.439,1.3,1.7,0.75,0.5,1.9,2.4,1.3,1.0,0.2,1.0,2.0,7.2
SG,23,13,3,17.0,1.7,5.2,0.328,0.7,2.4,0.29,1.0,2.8,0.361,0.396,1.2,1.3,0.882,0.2,2.4,2.5,1.4,0.5,0.2,0.8,1.6,5.2
PF,20,62,4,17.8,3.0,7.0,0.427,0.3,0.8,0.308,2.7,6.2,0.443,0.445,0.8,1.1,0.727,2.0,3.5,5.4,0.8,0.4,0.4,0.9,1.6,7.0
SG,35,79,5,26.9,4.8,11.9,0.404,1.5,4.4,0.34,3.3,7.5,0.44,0.466,3.1,3.4,0.904,0.3,1.6,1.8,2.3,0.7,0.2,1.4,1.5,14.2
SF,31,76,76,35.6,9.7,18.6,0.52,1.1,3.7,0.309,8.6,14.9,0.573,0.551,4.7,6.5,0.731,1.5,6.0,7.4,6.8,1.4,0.6,3.3,1.9,25.3
PG,26,22,0,18.7,2.0,4.4,0.464,1.0,2.3,0.44,1.0,2.1,0.489,0.577,0.5,0.5,0.833,0.5,1.9,2.4,2.3,1.0,0.2,1.1,1.6,5.5
PG,29,61,7,22.5,3.0,7.3,0.41,0.8,2.4,0.309,2.2,4.8,0.461,0.462,3.6,4.3,0.832,0.4,2.2,2.6,3.8,1.4,0.2,1.8,3.0,10.3
PG,24,41,6,11.6,1.3,3.6,0.377,0.4,1.0,0.357,1.0,2.5,0.385,0.428,0.3,0.4,0.8,0.2,1.0,1.1,1.5,0.3,0.2,0.6,0.7,3.3
SF,26,19,3,15.4,2.4,4.8,0.489,0.6,1.9,0.297,1.8,2.9,0.618,0.549,0.9,1.2,0.783,0.3,1.2,1.5,0.5,0.9,0.5,0.5,1.2,6.3
SG,21,15,0,15.7,3.5,7.7,0.457,1.1,3.2,0.354,2.4,4.5,0.529,0.53,1.5,1.9,0.786,0.5,1.2,1.7,0.9,0.4,0.3,0.6,1.8,9.7
SF,30,26,26,35.5,8.1,16.6,0.486,2.2,5.2,0.422,5.9,11.4,0.515,0.552,3.9,4.5,0.864,0.9,4.5,5.5,3.8,1.1,0.4,2.1,1.9,22.3
C,27,27,27,28.1,3.5,5.8,0.603,0.0,0.0,0.0,3.5,5.7,0.606,0.603,1.1,2.3,0.468,4.3,4.6,8.9,2.1,1.0,0.6,1.7,1.9,8.0
PF,20,76,72,31.7,5.8,11.8,0.493,0.1,0.5,0.257,5.7,11.4,0.502,0.498,2.3,3.0,0.768,1.6,3.6,5.2,1.7,0.9,0.4,1.5,2.0,14.1
PF,24,8,0,2.8,0.4,1.0,0.375,0.4,0.8,0.5,0.0,0.3,0.0,0.563,0.0,0.0,0.0,0.1,0.4,0.5,0.0,0.1,0.1,0.1,0.5,1.1
SF,30,15,0,11.7,1.1,2.5,0.459,0.5,1.2,0.444,0.6,1.3,0.474,0.568,0.1,0.1,0.5,0.8,1.8,2.6,0.8,0.5,0.3,0.3,1.5,2.9
PG,33,39,15,26.6,2.9,7.9,0.368,1.1,3.7,0.299,1.8,4.2,0.429,0.438,0.8,0.9,0.857,0.5,2.5,2.9,4.9,0.6,0.1,1.7,2.6,7.7
C,20,53,48,30.0,7.5,14.7,0.508,0.0,0.1,0.167,7.5,14.6,0.511,0.509,2.5,3.7,0.686,2.3,4.7,7.0,1.2,0.4,1.2,2.3,2.6,17.5
SG,20,28,6,16.9,3.7,8.1,0.456,0.5,1.9,0.278,3.1,6.1,0.512,0.489,0.8,0.9,0.88,0.2,1.7,1.9,1.7,0.5,0.1,0.6,1.2,8.7
C,29,27,22,26.0,3.6,8.5,0.424,2.1,6.1,0.343,1.5,2.3,0.635,0.548,0.6,0.8,0.714,1.0,4.8,5.8,2.0,0.8,0.7,1.3,2.6,9.9
SG,22,76,76,36.7,5.3,12.6,0.42,1.5,4.9,0.309,3.8,7.8,0.489,0.479,2.4,3.0,0.811,0.9,2.8,3.7,1.8,1.4,0.2,1.4,2.2,14.5
PF,32,2,2,23.0,3.0,9.0,0.333,1.5,4.5,0.333,1.5,4.5,0.333,0.417,2.0,2.5,0.8,1.0,5.0,6.0,2.5,0.5,0.0,1.5,0.5,9.5
C,27,13,4,16.6,3.2,5.0,0.646,0.2,1.0,0.231,3.0,4.0,0.75,0.669,1.3,2.2,0.607,1.2,3.4,4.5,1.4,0.5,1.2,1.2,2.2,8.0
C,33,20,1,15.7,3.1,6.8,0.459,0.3,0.8,0.313,2.9,6.0,0.479,0.478,1.3,2.2,0.591,1.7,3.9,5.6,1.0,0.5,1.2,1.3,2.5,7.8
PF,27,59,5,22.3,2.9,6.5,0.442,0.7,1.8,0.404,2.1,4.6,0.458,0.5,1.7,2.0,0.857,0.6,1.6,2.2,0.9,0.4,0.1,1.0,1.8,8.2
C,27,25,25,28.9,7.2,15.2,0.474,0.0,0.3,0.0,7.2,14.9,0.484,0.474,3.1,5.2,0.597,4.0,9.4,13.5,2.6,1.6,1.2,3.2,2.8,17.5
SF,24,8,0,6.3,0.8,1.9,0.4,0.0,0.5,0.0,0.8,1.4,0.545,0.4,0.1,0.9,0.143,0.3,0.6,0.9,0.4,0.1,0.1,0.0,0.1,1.6
SG,22,49,24,14.8,2.0,4.7,0.424,0.7,1.8,0.404,1.2,2.9,0.436,0.502,0.9,1.1,0.811,0.3,1.9,2.3,1.0,0.6,0.2,0.7,1.2,5.6
C,27,82,82,27.1,4.4,8.1,0.539,0.0,0.0,0.0,4.4,8.1,0.54,0.539,1.6,2.0,0.795,3.3,4.1,7.3,1.4,0.2,1.6,1.6,2.2,10.3
SG,28,29,0,26.2,6.7,14.8,0.453,3.2,8.5,0.382,3.4,6.3,0.549,0.563,1.6,1.7,0.958,0.9,3.2,4.1,2.1,1.0,0.2,1.9,1.4,18.2
SF,26,80,80,35.7,5.1,11.8,0.434,1.4,3.7,0.362,3.8,8.1,0.467,0.491,2.5,3.4,0.749,1.1,3.9,5.1,2.5,0.8,0.3,1.8,2.1,14.1
PF,22,28,2,26.7,3.8,8.0,0.469,1.3,3.5,0.364,2.5,4.5,0.552,0.549,1.1,1.2,0.939,1.3,4.5,5.8,1.9,0.7,0.8,1.8,2.4,9.9
PG,22,12,0,13.3,1.6,4.5,0.352,0.1,0.8,0.1,1.5,3.7,0.409,0.361,1.6,2.8,0.576,0.3,1.1,1.4,1.8,0.3,0.0,0.6,1.7,4.8
SF,20,26,1,17.3,1.9,4.8,0.397,1.0,2.4,0.397,1.0,2.4,0.397,0.496,0.7,0.8,0.857,0.6,2.6,3.2,1.1,1.1,0.3,0.5,1.2,5.5
SF,26,47,13,18.0,2.6,6.1,0.422,0.9,2.3,0.404,1.7,3.8,0.433,0.498,0.8,1.1,0.78,0.5,2.6,3.1,1.1,0.2,0.1,0.5,1.9,7.0
SF,31,27,0,16.6,2.5,4.9,0.515,1.0,2.3,0.459,1.5,2.6,0.563,0.621,0.9,1.1,0.8,0.5,2.6,3.1,1.6,0.8,0.6,1.0,2.2,7.0
C,33,16,2,7.0,1.3,2.7,0.465,0.1,0.3,0.25,1.2,2.4,0.487,0.477,0.2,0.2,1.0,0.4,1.1,1.5,0.7,0.1,0.1,0.5,0.9,2.8
SG,28,72,0,19.9,3.2,7.3,0.439,0.7,1.9,0.353,2.6,5.5,0.468,0.484,1.6,2.0,0.767,0.4,2.5,2.9,1.0,0.5,0.3,0.9,1.2,8.7
C,37,27,15,14.9,1.4,2.7,0.528,0.1,0.5,0.286,1.3,2.1,0.586,0.556,0.9,1.3,0.694,1.3,2.3,3.6,0.4,0.6,0.5,0.3,1.1,3.9
PF,34,26,0,22.0,4.2,9.9,0.419,1.6,4.3,0.366,2.6,5.6,0.459,0.498,1.3,1.7,0.767,0.9,4.3,5.2,1.5,0.7,0.5,1.2,1.8,11.2
PG,29,72,72,32.8,5.8,12.2,0.477,0.9,2.8,0.312,4.9,9.3,0.527,0.513,1.7,2.3,0.727,0.8,3.1,3.8,5.8,1.0,0.2,2.6,2.6,14.1
SG,27,25,25,25.1,3.0,6.7,0.446,1.6,3.7,0.424,1.4,3.0,0.474,0.563,0.9,1.1,0.852,0.3,1.9,2.2,1.3,0.8,0.3,1.0,1.6,8.5
SF,28,24,9,23.3,3.4,7.0,0.482,0.6,2.2,0.264,2.8,4.8,0.583,0.524,1.4,2.1,0.68,1.2,2.5,3.7,1.1,1.1,0.8,0.6,2.1,8.8
C,25,65,65,34.6,9.2,20.5,0.451,1.1,3.2,0.333,8.2,17.3,0.473,0.477,7.3,10.2,0.718,2.4,9.1,11.5,3.3,1.6,1.4,3.8,3.6,26.9
PF,23,76,74,33.1,5.5,11.7,0.469,1.1,3.1,0.335,4.4,8.6,0.518,0.514,2.7,3.2,0.831,1.3,5.4,6.7,2.2,0.9,0.5,1.4,2.0,14.7
C,24,59,15,17.6,3.3,6.4,0.513,0.2,0.9,0.245,3.1,5.5,0.557,0.53,1.1,1.2,0.899,1.3,3.6,4.9,0.9,0.2,0.3,0.9,1.9,7.9
SF,22,9,0,6.3,0.6,1.9,0.294,0.2,1.3,0.167,0.3,0.6,0.6,0.353,0.1,0.2,0.5,0.2,0.8,1.0,0.2,0.6,0.2,0.8,0.8,1.4
PG,19,37,0,15.5,1.5,4.2,0.359,0.4,1.4,0.302,1.1,2.8,0.388,0.41,0.8,1.1,0.718,0.2,1.1,1.3,2.9,0.8,0.1,0.9,0.9,4.2
SF,22,23,23,35.2,9.3,20.8,0.449,2.7,7.0,0.389,6.6,13.8,0.479,0.515,4.4,5.0,0.886,0.6,6.4,7.0,4.7,1.3,0.4,2.4,1.9,25.8
SF,24,27,27,33.3,5.1,10.1,0.504,2.0,4.9,0.398,3.1,5.1,0.604,0.601,2.0,2.4,0.833,1.4,4.0,5.3,2.1,0.6,1.0,0.7,1.9,14.1
SG,31,40,2,20.2,3.8,8.1,0.465,1.0,2.5,0.41,2.8,5.6,0.489,0.528,1.2,1.4,0.855,0.3,1.8,2.1,1.2,0.5,0.0,0.7,1.4,9.8
SF,22,4,0,3.3,0.5,1.3,0.4,0.0,0.0,0.0,0.5,1.3,0.4,0.4,0.5,1.0,0.5,0.5,0.3,0.8,0.0,0.0,0.3,0.0,0.5,1.5
SG,21,15,0,9.5,1.7,4.1,0.426,0.9,2.6,0.333,0.9,1.5,0.591,0.533,1.2,1.3,0.947,0.1,1.1,1.2,0.9,0.2,0.1,0.5,0.9,5.5
SG,23,67,7,21.9,3.4,7.7,0.438,0.9,2.8,0.335,2.4,4.9,0.495,0.498,1.2,1.7,0.681,0.3,1.6,1.9,1.5,0.7,0.1,0.9,2.0,8.9
SG,21,6,0,3.2,0.5,2.2,0.231,0.2,0.8,0.2,0.3,1.3,0.25,0.269,0.2,0.3,0.5,0.0,0.0,0.0,0.0,0.2,0.2,0.3,0.2,1.3
SG,24,27,3,15.1,1.6,3.5,0.457,0.2,0.9,0.25,1.4,2.6,0.529,0.489,0.9,1.2,0.75,0.9,2.4,3.3,1.1,0.5,0.2,0.7,1.5,4.3
PG,28,62,0,19.0,2.4,5.6,0.423,1.1,2.7,0.405,1.3,2.9,0.44,0.52,1.7,2.1,0.805,0.1,1.4,1.5,3.2,0.6,0.1,1.4,1.4,7.5
SF,23,79,71,32.5,5.4,11.8,0.462,2.0,4.9,0.4,3.5,6.8,0.506,0.546,2.5,3.0,0.836,0.4,2.4,2.8,2.7,1.2,0.0,1.7,2.7,15.4
SG,24,23,23,35.2,9.0,18.2,0.492,2.0,5.8,0.353,6.9,12.4,0.556,0.548,4.4,5.3,0.829,0.2,3.5,3.7,4.4,0.9,0.3,3.5,3.3,24.4
SF,25,81,81,34.8,7.5,17.9,0.418,2.6,7.0,0.371,4.9,10.9,0.447,0.49,5.6,6.5,0.86,1.0,6.0,7.0,4.1,1.9,0.4,3.3,2.8,23.1
PF,21,81,60,28.2,4.4,10.3,0.429,0.1,0.4,0.278,4.3,9.9,0.436,0.435,2.4,3.3,0.715,2.1,8.1,10.2,1.8,0.7,0.4,1.8,3.0,11.3
SF,35,1,0,42.0,6.0,14.0,0.429,1.0,2.0,0.5,5.0,12.0,0.417,0.464,0.0,0.0,0.0,1.0,4.0,5.0,2.0,1.0,2.0,0.0,6.0,13.0
PF,22,20,0,12.0,2.0,4.2,0.482,0.6,1.9,0.297,1.5,2.3,0.63,0.548,0.4,0.5,0.7,0.3,2.2,2.4,0.5,0.2,0.5,0.5,0.9,4.9
PG,32,15,0,22.8,5.3,12.3,0.429,0.9,2.6,0.333,4.4,9.7,0.455,0.465,2.8,3.3,0.84,0.4,1.5,1.9,4.2,1.2,0.3,1.9,1.1,14.2
SG,29,22,0,11.1,1.5,3.3,0.466,0.9,1.9,0.476,0.6,1.4,0.452,0.603,0.7,0.7,1.0,0.2,0.9,1.1,0.7,0.2,0.0,0.3,0.6,4.7
SF,24,73,7,23.9,3.7,8.6,0.431,1.8,4.6,0.386,1.9,3.9,0.484,0.536,0.7,0.8,0.79,0.3,2.2,2.5,0.8,0.7,0.3,0.6,1.6,9.9
PG,22,6,0,7.3,0.7,1.7,0.4,0.5,1.2,0.429,0.2,0.5,0.333,0.55,0.3,0.3,1.0,0.0,0.7,0.7,1.0,0.0,0.2,0.2,0.7,2.2
PG,20,27,27,33.5,5.6,13.8,0.403,2.4,6.8,0.35,3.2,7.0,0.455,0.489,1.9,2.2,0.867,0.3,4.4,4.7,5.4,0.4,0.1,2.4,2.4,15.4
PG,29,82,5,20.3,3.4,7.2,0.473,0.4,1.4,0.324,3.0,5.9,0.507,0.503,2.6,3.5,0.756,0.3,2.2,2.5,2.9,0.6,0.1,1.4,1.2,9.9
SF,23,3,0,2.0,0.7,1.3,0.5,0.7,0.7,1.0,0.0,0.7,0.0,0.75,0.0,0.0,0.0,0.0,0.3,0.3,0.0,0.0,0.0,0.3,0.0,2.0
C,23,11,0,6.5,1.4,2.7,0.5,0.1,0.3,0.333,1.3,2.5,0.519,0.517,0.5,0.8,0.667,1.0,1.1,2.1,0.5,0.3,0.5,0.5,0.9,3.4
PF,20,78,37,23.9,3.5,7.4,0.473,0.5,1.8,0.296,3.0,5.6,0.531,0.509,1.7,2.5,0.668,2.0,4.5,6.5,1.6,0.8,0.7,0.8,2.0,9.2
PF,32,70,32,17.1,2.2,5.0,0.438,1.3,3.4,0.387,0.9,1.6,0.545,0.569,0.4,0.5,0.857,0.5,2.8,3.3,1.0,0.4,0.4,0.6,1.8,6.1
SF,29,28,28,33.0,7.5,14.6,0.51,2.4,5.5,0.442,5.0,9.1,0.551,0.593,3.0,3.3,0.902,0.7,5.1,5.8,5.8,1.0,0.1,2.5,2.8,20.3
PG,27,81,3,20.5,3.2,7.6,0.425,1.5,4.0,0.384,1.7,3.6,0.469,0.525,0.6,0.7,0.81,0.3,1.6,2.0,2.8,0.7,0.1,0.9,1.3,8.5
PF,26,64,45,25.5,4.8,11.2,0.425,0.7,2.4,0.303,4.0,8.8,0.458,0.458,1.7,2.3,0.735,1.1,4.4,5.5,1.9,0.9,0.5,2.1,2.9,12.0
PF,39,38,38,14.6,1.4,3.0,0.47,0.0,0.0,0.0,1.4,3.0,0.474,0.47,0.4,0.6,0.667,0.4,3.6,3.9,1.6,0.7,0.3,0.4,1.8,3.2
PG,26,5,0,9.0,0.4,2.0,0.2,0.2,0.8,0.25,0.2,1.2,0.167,0.25,0.6,0.8,0.75,0.2,0.6,0.8,0.8,0.0,0.0,0.2,0.4,1.6
PF,24,36,0,13.1,1.5,4.1,0.369,0.1,1.0,0.135,1.4,3.1,0.446,0.386,1.0,1.5,0.685,0.6,2.8,3.4,0.6,0.4,0.3,0.5,1.1,4.2
C,26,58,20,12.2,1.7,3.1,0.559,0.0,0.0,0.0,1.7,3.1,0.559,0.559,1.0,1.3,0.75,1.2,2.8,3.9,0.2,0.4,0.8,0.6,1.9,4.4
PF,23,12,0,5.3,0.5,1.1,0.462,0.3,0.8,0.333,0.3,0.3,0.75,0.577,0.0,0.3,0.0,0.3,0.8,1.1,0.3,0.3,0.0,0.2,0.9,1.3
SF,26,17,3,13.6,0.8,2.7,0.283,0.2,1.4,0.13,0.6,1.4,0.435,0.315,0.5,0.6,0.8,0.3,1.6,1.9,0.5,0.4,0.1,0.2,1.2,2.2
PF,22,19,0,4.4,0.4,1.4,0.296,0.2,0.7,0.214,0.3,0.7,0.385,0.352,0.5,0.5,0.9,0.3,0.9,1.2,0.0,0.3,0.0,0.2,0.4,1.5
PG,32,19,19,33.2,7.3,17.9,0.406,1.2,4.1,0.295,6.1,13.8,0.439,0.44,3.2,5.1,0.619,1.8,7.6,9.4,9.5,0.8,0.4,4.9,2.8,18.9
SG,38,72,7,17.5,2.1,5.2,0.402,1.3,3.6,0.356,0.8,1.6,0.504,0.525,0.4,0.5,0.818,0.2,0.9,1.1,1.4,0.7,0.1,0.7,1.3,5.9
PF,35,37,0,7.0,0.6,1.6,0.377,0.0,0.2,0.111,0.6,1.4,0.423,0.385,0.3,0.4,0.75,0.3,1.8,2.0,0.4,0.1,0.1,0.1,0.7,1.6
C,29,26,0,19.0,3.4,7.6,0.444,2.0,5.3,0.38,1.4,2.3,0.59,0.576,1.1,1.2,0.906,0.5,3.2,3.7,0.9,0.3,0.3,0.7,1.5,9.9
SG,28,41,24,26.6,2.9,7.8,0.371,1.3,4.0,0.321,1.6,3.9,0.421,0.452,0.8,1.0,0.775,0.3,2.2,2.6,2.9,1.2,0.2,1.8,3.1,7.8
PF,25,8,0,6.3,1.1,2.8,0.409,0.0,0.1,0.0,1.1,2.6,0.429,0.409,0.5,0.8,0.667,0.8,1.3,2.0,0.0,0.0,0.1,0.0,1.0,2.8
SG,22,28,17,31.8,4.5,10.7,0.423,2.2,5.8,0.385,2.3,5.0,0.468,0.527,0.7,0.9,0.792,0.7,2.9,3.6,3.8,1.2,0.2,1.3,2.3,12.0
C,24,21,5,14.7,1.6,2.5,0.623,0.1,0.2,0.4,1.5,2.3,0.646,0.642,0.4,0.6,0.692,1.5,2.6,4.1,1.8,0.3,0.3,0.7,1.8,3.7
PF,25,13,6,18.6,2.3,5.8,0.4,1.1,3.4,0.318,1.2,2.4,0.516,0.493,0.7,1.1,0.643,1.0,4.0,5.0,0.5,0.4,0.2,0.5,0.9,6.4
C,26,29,0,7.5,1.0,2.3,0.412,0.0,0.0,0.0,1.0,2.3,0.418,0.412,0.2,0.4,0.385,0.7,1.3,2.0,0.4,0.3,0.1,0.5,1.8,2.1
PF,35,26,26,30.0,1.6,4.3,0.375,0.9,2.8,0.329,0.7,1.5,0.462,0.482,0.5,0.7,0.824,1.0,3.6,4.6,1.4,0.8,0.5,1.0,3.0,4.7
SF,23,18,18,32.2,6.0,11.7,0.514,1.7,4.6,0.366,4.3,7.1,0.609,0.586,3.6,4.1,0.877,0.9,4.5,5.4,2.2,0.9,0.5,1.4,2.6,17.2
PG,25,20,8,28.4,5.4,11.3,0.473,1.9,5.5,0.349,3.5,5.9,0.59,0.558,1.1,1.2,0.875,0.5,2.8,3.2,2.3,1.1,0.2,2.1,1.8,13.7
SG,23,66,0,18.6,3.5,7.7,0.451,0.8,2.7,0.309,2.6,5.0,0.529,0.506,1.0,1.3,0.727,0.7,3.2,3.8,1.2,0.6,0.5,0.8,1.6,8.8
SF,19,78,8,28.6,2.5,5.9,0.422,0.4,1.5,0.276,2.1,4.4,0.471,0.457,1.0,1.5,0.684,1.0,4.1,5.2,1.5,0.9,0.3,1.2,2.4,6.4
PG,24,30,6,13.3,1.4,3.9,0.364,0.5,1.6,0.327,0.9,2.3,0.391,0.432,0.3,0.4,0.692,0.1,0.9,0.9,2.4,0.5,0.1,1.4,1.0,3.7
SG,34,26,5,27.5,3.2,7.6,0.426,1.5,4.3,0.36,1.7,3.3,0.512,0.528,0.8,1.0,0.815,0.5,2.6,3.1,2.0,1.1,0.5,1.0,2.4,8.8
SG,29,16,0,20.0,2.3,4.6,0.493,0.7,1.6,0.44,1.6,3.0,0.521,0.568,1.2,1.3,0.905,0.3,2.4,2.7,4.9,0.6,0.2,1.5,1.3,6.4
SF,26,79,39,26.8,4.1,9.5,0.433,1.6,4.3,0.382,2.5,5.2,0.474,0.519,1.4,1.7,0.833,0.5,2.8,3.2,1.3,0.4,0.1,1.5,1.5,11.2
PF,31,21,2,25.0,4.5,10.0,0.45,2.5,5.0,0.5,2.0,5.0,0.4,0.576,1.7,1.9,0.897,0.8,3.0,3.8,0.9,0.6,0.3,1.0,1.8,13.2
PF,26,67,64,25.3,5.2,9.3,0.558,0.0,0.0,0.5,5.2,9.3,0.558,0.558,2.0,3.3,0.613,3.5,5.2,8.7,1.2,0.5,0.9,1.4,2.5,12.5
C,27,35,9,12.5,2.3,4.4,0.516,0.0,0.0,0.0,2.3,4.4,0.519,0.516,1.3,2.9,0.447,1.1,2.7,3.8,0.7,0.4,0.4,0.7,1.3,5.9
PF,30,44,0,7.8,0.7,1.6,0.451,0.0,0.1,0.667,0.7,1.5,0.441,0.465,0.9,1.5,0.585,0.9,1.1,2.0,0.2,0.3,0.2,0.3,1.3,2.4
SG,26,19,19,30.6,3.6,8.2,0.442,1.3,3.9,0.32,2.4,4.3,0.556,0.519,1.2,1.6,0.733,0.7,1.8,2.5,1.7,0.9,0.2,0.7,1.9,9.7
SG,22,73,35,24.8,2.9,7.5,0.385,1.5,4.5,0.326,1.4,3.0,0.473,0.483,1.2,1.6,0.771,0.3,2.2,2.5,1.9,0.6,0.3,1.3,1.6,8.5
PG,21,8,0,8.8,0.6,1.8,0.357,0.0,0.1,0.0,0.6,1.6,0.385,0.357,1.0,1.3,0.8,0.1,0.3,0.4,1.0,0.5,0.1,0.6,1.1,2.3
PF,35,78,19,18.0,3.1,5.7,0.545,0.0,0.1,0.429,3.1,5.7,0.546,0.548,0.8,1.0,0.788,0.9,3.0,4.0,1.8,0.6,0.7,0.9,1.8,7.1
SF,29,33,0,8.4,0.8,1.9,0.403,0.5,1.5,0.34,0.2,0.4,0.667,0.54,0.2,0.2,1.0,0.2,0.5,0.6,0.3,0.1,0.0,0.4,1.0,2.3
SG,22,18,1,11.2,1.8,4.0,0.458,0.9,2.3,0.415,0.9,1.7,0.516,0.576,0.9,1.7,0.548,0.2,1.8,2.0,1.3,0.3,0.0,1.2,1.0,5.6
SF,26,75,68,27.8,4.3,9.7,0.441,1.5,4.1,0.357,2.8,5.6,0.502,0.517,1.6,2.0,0.815,0.4,4.7,5.1,2.3,1.3,0.5,1.8,2.3,11.6
SF,24,37,0,11.6,1.2,2.6,0.439,0.6,1.4,0.415,0.6,1.2,0.467,0.551,0.4,0.4,0.933,0.4,1.5,1.8,0.7,0.3,0.1,0.2,0.8,3.3
PF,32,16,1,19.7,3.0,7.6,0.397,1.6,4.3,0.377,1.4,3.3,0.423,0.504,3.1,3.3,0.942,0.2,2.7,2.9,1.1,0.2,0.1,1.2,1.9,10.7
SG,24,43,3,11.2,1.7,3.7,0.444,0.4,1.2,0.314,1.3,2.5,0.505,0.494,0.5,0.6,0.833,0.2,1.1,1.3,0.8,0.2,0.0,0.6,0.5,4.1
C,22,66,39,21.4,2.9,5.1,0.563,0.0,0.0,0.0,2.9,5.1,0.567,0.563,1.2,1.9,0.648,2.0,3.3,5.3,0.6,0.7,1.0,0.7,2.2,7.0
SF,23,24,23,27.1,2.8,6.0,0.476,0.7,2.6,0.274,2.1,3.4,0.63,0.535,1.3,2.0,0.612,1.8,2.9,4.7,0.7,0.8,0.9,0.7,2.6,7.6
SG,36,25,0,18.2,2.5,6.7,0.377,1.7,4.7,0.368,0.8,2.0,0.4,0.506,1.4,1.4,0.972,0.1,1.4,1.5,1.1,0.3,0.1,0.8,1.2,8.2
SF,29,70,70,34.0,6.7,14.4,0.463,1.1,3.1,0.344,5.6,11.3,0.495,0.5,2.8,3.6,0.78,1.5,5.0,6.5,1.7,1.4,0.7,2.0,2.6,17.2
SF,29,80,43,24.4,2.5,6.3,0.398,1.1,3.2,0.345,1.4,3.1,0.453,0.486,1.1,1.6,0.728,0.5,2.2,2.7,1.8,0.9,0.2,0.8,2.4,7.3
SF,24,81,4,23.0,3.6,8.0,0.452,1.4,3.2,0.425,2.2,4.8,0.47,0.537,0.9,1.0,0.857,0.5,2.0,2.4,0.7,0.2,0.1,0.7,1.6,9.4
PF,26,15,6,24.9,3.1,8.0,0.383,1.7,3.9,0.431,1.4,4.1,0.339,0.488,1.4,1.7,0.808,0.7,3.6,4.3,2.6,0.7,0.7,1.3,1.9,9.2
C,23,82,22,22.0,1.9,3.5,0.542,0.0,0.0,0.0,1.9,3.5,0.544,0.542,1.7,2.8,0.628,2.2,5.8,8.0,0.4,0.2,1.6,0.9,2.7,5.5
C,33,66,60,24.5,2.8,4.8,0.583,0.0,0.0,0.0,2.8,4.7,0.585,0.583,1.6,2.6,0.62,2.7,6.1,8.7,1.0,0.5,0.7,1.4,2.2,7.2
PG,32,64,0,20.0,2.6,5.8,0.447,0.8,2.5,0.329,1.8,3.4,0.532,0.516,1.6,2.2,0.721,0.3,1.9,2.2,1.8,0.9,0.2,1.0,1.9,7.6
PF,26,81,0,20.8,2.5,4.2,0.611,0.0,0.0,0.0,2.5,4.2,0.611,0.611,1.4,2.5,0.559,2.8,4.6,7.4,1.1,0.7,0.9,0.8,2.5,6.5
SF,29,23,23,34.4,9.7,19.0,0.513,1.9,4.9,0.389,7.8,14.1,0.556,0.563,5.3,6.1,0.879,0.8,5.0,5.9,5.0,1.8,0.6,1.8,1.5,26.7
SF,27,17,7,27.9,3.1,8.2,0.374,1.4,4.9,0.286,1.6,3.2,0.509,0.46,1.4,1.8,0.767,0.6,3.1,3.6,2.1,0.8,0.5,0.9,1.8,8.9
SG,23,22,1,21.5,3.0,6.3,0.475,1.5,3.5,0.41,1.5,2.8,0.557,0.59,0.5,0.6,0.923,0.5,2.0,2.5,2.4,0.6,0.2,1.3,2.0,8.0
PG,22,12,0,21.5,4.0,8.3,0.48,1.6,3.6,0.442,2.4,4.8,0.509,0.575,0.4,0.7,0.625,0.3,2.7,3.0,3.2,0.9,1.0,1.4,2.1,10.0
PF,24,29,29,36.4,8.2,15.5,0.528,1.0,2.8,0.358,7.2,12.7,0.565,0.56,4.1,5.8,0.71,2.8,8.8,11.6,5.7,1.0,0.7,3.4,3.6,21.5
SG,25,27,27,35.6,10.2,19.6,0.52,3.6,8.2,0.437,6.6,11.4,0.58,0.612,4.5,5.3,0.847,0.8,4.7,5.5,5.2,1.1,0.4,3.9,2.6,28.5
SG,24,44,3,9.3,0.8,2.4,0.343,0.3,0.9,0.308,0.5,1.5,0.364,0.4,0.8,1.3,0.655,0.1,0.8,0.9,0.5,0.3,0.0,0.5,0.9,2.7
SF,28,80,46,24.6,2.3,5.2,0.451,0.7,2.2,0.316,1.6,3.0,0.55,0.518,0.7,1.0,0.695,0.7,2.2,3.0,1.0,0.5,0.4,0.5,2.2,6.1
SG,28,25,0,19.0,2.2,5.1,0.438,1.3,3.4,0.384,0.9,1.7,0.548,0.566,0.2,0.3,0.625,0.9,2.9,3.8,1.4,0.7,0.5,0.3,1.3,6.0
PF,26,27,10,21.9,2.8,7.2,0.392,1.4,3.5,0.4,1.4,3.7,0.384,0.49,1.7,2.0,0.849,0.4,3.2,3.6,1.7,0.7,0.7,1.1,1.9,8.7
SF,21,24,19,28.8,3.8,10.1,0.376,1.3,4.9,0.265,2.5,5.2,0.48,0.44,2.6,3.2,0.805,0.8,3.2,4.0,1.4,1.1,0.3,1.3,2.7,11.5
PG,22,13,0,8.2,0.8,3.0,0.282,0.4,1.8,0.217,0.5,1.2,0.375,0.346,0.2,0.3,0.5,0.1,0.6,0.7,1.2,0.3,0.0,0.3,0.8,2.2
PG,30,74,74,32.7,7.0,15.1,0.462,1.6,4.4,0.371,5.3,10.6,0.501,0.517,4.0,4.4,0.896,0.5,3.7,4.2,10.0,2.1,0.2,2.6,2.5,19.5
PG,26,28,1,10.8,1.4,3.0,0.476,1.1,2.6,0.444,0.3,0.4,0.667,0.667,0.3,0.4,0.636,0.0,0.9,0.9,0.4,0.2,0.2,0.2,1.0,4.3
PF,32,55,5,16.4,3.2,6.1,0.531,0.0,0.0,0.0,3.2,6.1,0.533,0.531,1.3,1.7,0.763,1.8,3.7,5.5,1.5,0.4,0.5,1.2,2.1,7.8
PF,21,14,5,12.0,0.9,2.2,0.387,0.5,1.4,0.368,0.4,0.9,0.417,0.5,0.1,0.4,0.333,0.3,1.1,1.4,0.4,0.2,0.1,0.6,1.4,2.4
PF,26,35,35,33.4,8.6,17.2,0.499,0.2,0.5,0.333,8.4,16.7,0.504,0.504,4.0,5.5,0.727,1.5,6.9,8.4,4.9,0.8,0.5,2.4,2.7,21.4
C,26,25,25,29.3,6.3,10.9,0.579,0.0,0.0,0.0,6.3,10.9,0.579,0.579,1.6,3.1,0.532,4.6,9.4,14.0,1.0,0.8,2.2,1.4,2.3,14.3
C,22,18,0,8.7,1.7,3.1,0.545,0.0,0.0,0.0,1.7,3.1,0.545,0.545,0.9,1.5,0.593,1.4,1.4,2.8,0.6,0.4,0.7,0.8,2.2,4.2
SF,27,29,29,32.6,2.7,5.8,0.462,1.8,4.1,0.429,0.9,1.7,0.54,0.612,0.8,0.9,0.846,1.1,5.7,6.9,2.3,0.8,0.7,1.1,2.9,7.9
C,29,71,71,25.6,3.7,6.3,0.589,0.0,0.0,0.0,3.7,6.3,0.589,0.589,1.9,3.2,0.587,1.9,5.2,7.1,1.5,0.9,1.1,1.4,3.1,9.3
C,26,23,23,32.5,9.4,17.5,0.54,1.2,3.0,0.397,8.3,14.5,0.569,0.573,9.7,11.3,0.851,1.9,8.9,10.8,3.1,1.3,1.2,3.4,2.5,29.7
PG,31,74,16,22.5,4.3,9.6,0.446,1.4,3.5,0.385,2.9,6.1,0.481,0.516,1.0,1.3,0.771,0.4,1.7,2.1,4.1,0.4,0.0,1.5,1.5,10.9
PG,28,74,15,30.0,5.1,10.5,0.486,1.2,2.9,0.401,3.9,7.6,0.519,0.542,2.6,3.1,0.858,0.4,1.9,2.3,4.3,1.0,0.1,1.8,1.9,14.0
C,32,26,9,19.4,3.1,5.3,0.591,0.2,0.5,0.333,3.0,4.8,0.616,0.606,1.6,2.3,0.672,2.2,2.0,4.2,1.0,0.2,0.5,1.0,1.9,8.0
PG,31,33,2,19.9,1.4,4.2,0.343,0.4,1.5,0.292,1.0,2.7,0.371,0.394,1.0,1.2,0.872,0.3,1.7,2.0,2.7,0.6,0.2,0.8,1.5,4.3
SG,22,2,0,2.0,0.0,0.0,0.0,0.0,0.0,0.0,0.0,0.0,0.0,0.0,0.0,0.0,0.0,0.5,0.0,0.5,0.0,0.0,0.0,0.5,1.0,0.0
SG,31,16,16,38.3,7.7,15.3,0.502,3.0,7.4,0.407,4.7,7.9,0.591,0.6,5.9,6.6,0.905,0.8,7.6,8.4,11.8,1.1,0.8,4.3,2.6,24.3
C,29,82,82,32.1,6.5,12.8,0.505,1.1,3.1,0.344,5.4,9.7,0.557,0.547,1.3,1.6,0.798,1.8,5.5,7.3,3.2,0.8,1.5,1.3,2.0,15.2
PG,23,5,0,5.4,0.4,1.6,0.25,0.0,0.6,0.0,0.4,1.0,0.4,0.25,0.4,0.4,1.0,0.0,0.2,0.2,0.2,0.2,0.0,0.6,1.0,1.2
PF,24,27,9,25.4,3.8,8.6,0.438,2.2,5.9,0.369,1.6,2.7,0.589,0.564,1.0,1.1,0.871,0.6,3.0,3.6,1.5,0.6,0.3,0.8,1.3,10.7
SG,26,12,4,27.8,7.3,16.7,0.435,1.8,5.3,0.349,5.4,11.4,0.474,0.49,2.2,2.8,0.765,0.8,3.5,4.3,6.0,1.1,0.5,2.2,1.7,18.5
C,22,12,5,26.7,3.7,5.4,0.677,0.0,0.0,0.0,3.7,5.4,0.677,0.677,3.8,5.1,0.754,3.2,7.3,10.4,1.7,0.6,1.6,1.8,1.8,11.2
C,27,7,2,10.9,0.7,1.4,0.5,0.4,0.9,0.5,0.3,0.6,0.5,0.65,0.4,0.9,0.5,0.0,1.6,1.6,0.4,0.1,0.9,1.1,1.4,2.3
SG,23,18,1,19.5,2.7,7.2,0.377,1.3,4.2,0.32,1.4,3.1,0.455,0.469,0.8,0.9,0.875,0.2,2.3,2.6,0.8,0.7,0.1,0.9,1.1,7.6
PF,20,14,0,10.5,1.5,3.6,0.412,0.1,0.9,0.167,1.4,2.8,0.487,0.431,0.4,0.6,0.667,1.2,2.4,3.6,0.9,0.1,0.4,0.8,1.9,3.6
PF,24,62,59,32.0,6.7,13.1,0.515,0.0,0.1,0.0,6.7,13.0,0.518,0.515,2.9,4.1,0.709,2.7,5.4,8.1,1.5,1.2,1.5,1.7,2.4,16.4
SG,25,29,20,24.9,4.1,9.6,0.423,1.1,2.9,0.373,3.0,6.8,0.444,0.478,1.5,1.9,0.8,0.4,2.7,3.1,1.0,0.8,0.1,0.7,1.7,10.7
PG,24,29,6,19.9,2.8,7.6,0.37,1.1,3.2,0.333,1.7,4.3,0.397,0.441,0.8,1.0,0.759,0.2,1.1,1.3,1.8,0.5,0.1,0.8,1.7,7.4
SF,25,70,2,12.2,1.0,2.8,0.371,0.4,1.4,0.273,0.6,1.4,0.474,0.441,0.5,0.6,0.81,0.4,1.5,1.9,0.6,0.5,0.3,0.6,1.4,2.9
SF,22,45,4,11.3,1.4,3.4,0.43,0.3,0.8,0.378,1.1,2.5,0.447,0.477,0.6,0.9,0.692,0.3,1.2,1.5,0.6,0.4,0.2,0.4,0.5,3.8
SG,22,22,22,33.7,7.9,15.6,0.503,1.9,4.9,0.383,6.0,10.8,0.557,0.563,5.0,6.3,0.784,0.7,4.7,5.4,6.5,0.8,0.6,2.9,2.0,22.5
PF,21,12,2,5.4,0.6,1.3,0.438,0.2,0.5,0.333,0.4,0.8,0.5,0.5,0.1,0.2,0.5,0.0,0.8,0.8,0.2,0.1,0.3,0.4,0.6,1.4
SG,24,70,70,22.2,1.9,3.9,0.496,0.5,1.5,0.311,1.5,2.4,0.608,0.555,0.5,0.8,0.611,1.1,2.5,3.6,0.7,0.8,0.6,0.5,1.9,4.8
SG,30,72,25,14.7,1.5,3.6,0.427,0.9,2.2,0.414,0.6,1.4,0.447,0.552,0.3,0.4,0.643,0.3,2.2,2.5,0.8,0.3,0.3,0.5,0.8,4.2
C,35,30,2,6.9,1.0,1.9,0.509,0.5,1.1,0.441,0.5,0.8,0.609,0.64,0.1,0.1,0.75,0.1,0.8,0.9,0.3,0.2,0.0,0.1,0.5,2.5
C,29,76,48,17.4,2.7,4.7,0.565,0.0,0.1,0.143,2.7,4.6,0.574,0.567,0.9,1.3,0.716,1.4,3.0,4.4,0.4,0.3,0.8,0.9,2.1,6.3
SG,28,76,41,21.3,2.9,7.4,0.389,1.3,3.5,0.358,1.6,3.9,0.416,0.474,0.7,0.8,0.857,0.3,2.0,2.3,1.1,0.6,0.1,0.6,1.1,7.7
SG,26,53,5,14.6,1.7,4.3,0.386,0.7,2.0,0.343,1.0,2.3,0.423,0.465,0.5,0.7,0.73,0.2,1.5,1.7,1.1,0.6,0.4,0.7,1.2,4.5
SG,25,76,72,33.4,6.0,13.4,0.447,1.9,5.4,0.361,4.1,8.1,0.505,0.52,1.3,1.6,0.78,0.6,2.3,2.9,2.1,1.5,0.3,1.4,2.2,15.2
SG,28,3,0,14.3,2.3,6.7,0.35,1.3,3.0,0.444,1.0,3.7,0.273,0.45,1.3,1.3,1.0,0.3,1.3,1.7,1.0,0.0,0.0,0.3,0.7,7.3
PF,28,42,1,14.2,1.3,3.5,0.372,0.3,1.2,0.245,1.0,2.4,0.434,0.412,0.7,1.0,0.7,0.5,2.0,2.5,1.9,0.4,0.2,0.7,1.6,3.6
SG,39,60,3,16.8,2.2,5.7,0.388,1.0,2.8,0.349,1.2,2.9,0.425,0.474,1.2,1.4,0.833,0.5,1.9,2.4,0.9,0.6,0.3,0.6,1.7,6.6
SG,25,82,1,28.7,5.2,12.0,0.432,1.4,4.0,0.345,3.8,8.0,0.476,0.489,2.6,3.3,0.806,0.7,5.1,5.8,2.5,0.9,0.5,1.7,1.8,14.4
SG,26,26,26,33.3,7.5,15.2,0.49,3.4,7.7,0.445,4.0,7.5,0.536,0.602,2.2,2.8,0.795,0.6,3.5,4.1,3.0,1.3,0.5,1.7,2.0,20.6
PG,32,5,0,20.6,4.2,10.0,0.42,0.6,1.8,0.333,3.6,8.2,0.439,0.45,2.2,2.6,0.846,0.2,2.6,2.8,3.4,1.0,0.6,1.6,0.8,11.2
SF,28,64,24,22.9,4.0,9.9,0.409,2.2,6.0,0.367,1.8,3.9,0.474,0.521,1.5,1.9,0.75,0.4,2.3,2.7,1.0,0.8,0.5,1.1,2.2,11.8
PF,26,27,27,33.6,10.3,18.4,0.563,1.1,4.0,0.29,9.2,14.4,0.638,0.594,6.4,9.9,0.642,1.7,9.7,11.4,5.8,1.3,1.3,3.7,3.1,28.2
SG,22,28,5,24.0,4.7,9.8,0.48,0.4,1.4,0.289,4.3,8.5,0.511,0.5,2.7,4.1,0.661,1.1,4.3,5.4,2.5,1.0,0.4,1.5,2.5,12.5
PG,33,41,14,18.2,3.2,7.4,0.437,0.9,2.5,0.353,2.3,4.9,0.48,0.497,0.9,1.0,0.905,0.1,1.6,1.8,2.4,0.3,0.1,1.4,1.5,8.2
PG,27,66,66,31.8,6.8,15.9,0.427,0.7,2.3,0.293,6.1,13.6,0.449,0.448,2.2,2.7,0.793,0.7,2.7,3.4,4.7,0.7,0.2,2.7,1.3,16.4
C,23,30,1,19.5,3.2,4.7,0.669,0.0,0.0,0.0,3.2,4.7,0.674,0.669,2.0,2.4,0.845,2.3,4.4,6.6,1.1,0.4,0.8,1.0,2.6,8.3
C,23,60,59,26.0,5.1,8.9,0.565,0.0,0.0,0.0,5.1,8.9,0.565,0.565,2.7,3.6,0.761,3.1,6.1,9.1,0.7,0.4,1.3,1.4,2.6,12.8
SG,26,78,78,35.9,7.9,17.7,0.446,0.6,1.8,0.338,7.3,15.9,0.458,0.463,7.1,8.4,0.85,0.8,3.7,4.5,4.0,1.0,0.3,2.2,2.1,23.5
PF,28,23,3,25.8,3.3,8.8,0.381,3.0,7.8,0.378,0.4,1.0,0.409,0.55,1.9,2.3,0.827,0.4,2.7,3.1,1.0,0.7,0.3,0.6,2.5,11.5
SF,24,7,0,9.1,0.7,2.6,0.278,0.1,0.4,0.333,0.6,2.1,0.267,0.306,0.3,0.3,1.0,0.1,2.7,2.9,0.6,0.1,0.0,0.7,1.3,1.9
SF,30,82,80,31.0,2.9,7.1,0.411,0.8,2.5,0.33,2.1,4.6,0.455,0.469,1.3,1.7,0.746,2.0,4.2,6.2,2.2,1.3,0.2,1.4,2.5,8.0
PG,25,51,2,14.5,1.9,4.5,0.419,0.3,0.9,0.333,1.6,3.5,0.442,0.454,1.0,1.5,0.716,0.5,1.6,2.2,3.2,0.6,0.0,1.3,1.4,5.1
PG,26,31,31,34.2,7.2,15.9,0.453,1.5,4.2,0.372,5.6,11.7,0.482,0.502,4.5,5.5,0.802,0.6,3.5,4.0,6.1,2.0,0.6,3.5,2.4,20.4
PF,30,66,0,20.3,2.6,4.8,0.549,0.0,0.0,0.0,2.6,4.8,0.552,0.549,1.9,2.2,0.845,1.6,2.7,4.3,1.1,0.5,0.8,0.6,1.9,7.2
PF,23,41,1,6.4,1.1,2.0,0.536,0.0,0.0,0.5,1.1,2.0,0.537,0.542,0.6,1.2,0.531,0.7,0.7,1.4,0.4,0.2,0.2,0.4,1.0,2.9
C,30,26,26,27.9,4.2,7.0,0.596,0.0,0.2,0.0,4.2,6.8,0.612,0.596,1.8,2.6,0.691,3.0,5.8,8.8,3.4,0.9,0.7,2.0,3.5,10.2
PG,34,14,14,26.4,4.4,8.6,0.508,1.6,4.1,0.386,2.8,4.5,0.619,0.6,1.5,1.8,0.84,0.6,1.5,2.1,3.1,0.9,0.1,0.9,0.9,11.8
SG,22,7,0,3.4,0.0,0.4,0.0,0.0,0.4,0.0,0.0,0.0,0.0,0.0,0.0,0.0,0.0,0.0,0.1,0.1,0.3,0.0,0.0,0.1,0.4,0.0
SG,34,74,73,30.5,7.3,16.0,0.456,0.1,0.6,0.159,7.2,15.4,0.468,0.459,4.4,5.5,0.793,1.1,3.0,4.1,4.6,1.1,0.6,2.7,1.6,19.0
SG,26,67,67,36.9,7.0,15.4,0.454,1.0,3.1,0.312,6.1,12.4,0.489,0.485,5.9,7.1,0.832,1.2,4.2,5.3,4.8,1.6,0.6,2.0,1.9,20.9
SF,20,20,1,7.8,0.7,1.9,0.351,0.2,0.7,0.231,0.5,1.2,0.417,0.392,0.4,0.4,0.875,0.1,1.5,1.6,0.5,0.3,0.2,0.6,0.6,1.8
PF,32,10,0,4.4,0.8,1.8,0.444,0.7,1.5,0.467,0.1,0.3,0.333,0.639,0.1,0.1,1.0,0.0,0.5,0.5,0.0,0.0,0.0,0.1,0.3,2.4
PG,24,25,25,33.4,5.8,10.4,0.562,0.0,0.2,0.167,5.8,10.2,0.571,0.563,3.5,5.3,0.667,1.6,6.7,8.3,8.0,1.7,0.8,3.4,3.2,15.2
C,25,28,28,35.9,10.5,18.4,0.57,1.5,3.8,0.402,9.0,14.6,0.614,0.611,4.8,5.5,0.871,3.0,8.2,11.1,8.6,1.6,0.6,3.4,3.1,27.4
PG,25,23,0,11.1,1.1,3.2,0.342,0.6,2.1,0.286,0.5,1.0,0.458,0.438,0.1,0.1,1.0,0.1,1.3,1.4,1.1,0.4,0.3,0.2,1.2,2.9
SG,26,6,0,3.0,0.3,0.8,0.4,0.2,0.3,0.5,0.2,0.5,0.333,0.5,0.7,0.8,0.8,0.0,0.0,0.0,0.2,0.2,0.0,0.3,0.3,1.5
C,36,29,29,20.0,1.4,3.4,0.4,0.7,2.0,0.351,0.7,1.5,0.465,0.5,0.8,0.9,0.88,0.8,3.4,4.2,1.8,0.4,1.2,0.8,2.4,4.2
SG,23,81,8,26.0,3.8,8.4,0.459,1.4,3.5,0.393,2.5,4.9,0.506,0.541,1.2,1.4,0.867,0.3,2.3,2.7,1.2,0.8,0.2,0.8,2.4,10.3
C,26,12,0,6.8,0.9,2.1,0.44,0.0,0.2,0.0,0.9,1.9,0.478,0.44,0.2,0.2,1.0,0.5,0.8,1.3,0.2,0.1,0.2,0.7,1.6,2.0
PF,30,74,73,32.4,4.6,10.1,0.455,1.2,3.5,0.344,3.4,6.6,0.513,0.514,2.0,2.6,0.755,1.5,4.5,6.0,1.9,1.0,0.4,1.1,1.6,12.3
SF,25,8,0,4.8,0.1,1.1,0.111,0.0,0.4,0.0,0.1,0.8,0.167,0.111,0.0,0.0,0.0,0.0,0.0,0.0,0.5,0.3,0.0,0.4,0.5,0.3
PF,19,17,0,17.4,1.4,5.5,0.247,0.6,3.3,0.179,0.8,2.2,0.351,0.301,0.0,0.0,0.0,0.3,3.2,3.5,1.2,0.5,1.1,1.3,0.9,3.3
SF,37,66,66,28.2,6.0,16.9,0.358,2.0,7.1,0.285,4.0,9.8,0.41,0.417,3.5,4.3,0.826,0.6,3.1,3.7,2.8,0.9,0.2,2.0,1.7,17.6
SG,26,25,25,30.6,5.4,12.6,0.433,1.3,3.4,0.388,4.1,9.2,0.45,0.486,3.0,3.7,0.796,0.8,4.4,5.2,6.6,1.3,0.3,2.9,2.6,15.2
C,22,15,0,8.8,0.6,1.5,0.409,0.0,0.1,0.0,0.6,1.3,0.45,0.409,0.6,1.0,0.6,0.8,2.7,3.5,0.6,0.1,0.1,0.8,1.0,1.8
SF,28,14,0,3.1,0.7,1.1,0.625,0.2,0.4,0.6,0.5,0.8,0.636,0.719,0.1,0.3,0.5,0.4,0.4,0.9,0.1,0.1,0.0,0.1,0.3,1.8
SG,30,68,6,13.6,2.0,4.9,0.408,1.2,3.0,0.387,0.8,1.9,0.442,0.527,0.4,0.6,0.744,0.1,0.8,0.9,0.4,0.3,0.1,0.3,0.9,5.6
PG,21,16,16,30.3,6.8,14.9,0.458,0.8,3.3,0.25,6.0,11.6,0.516,0.485,4.3,5.4,0.802,0.8,2.3,3.1,8.3,0.9,0.3,3.2,1.4,18.8
PF,27,77,77,31.5,5.3,12.7,0.419,2.1,5.7,0.36,3.3,7.0,0.467,0.499,3.4,4.1,0.822,1.9,8.0,9.9,2.4,0.8,0.5,1.8,2.1,16.0
SF,22,4,0,1.8,0.0,0.3,0.0,0.0,0.0,0.0,0.0,0.3,0.0,0.0,0.5,0.5,1.0,0.3,0.3,0.5,0.3,0.0,0.0,0.3,0.0,0.5
SF,25,29,7,25.0,4.3,9.5,0.453,1.7,4.6,0.361,2.7,4.9,0.538,0.54,0.6,0.9,0.615,1.8,4.2,6.0,1.1,0.3,0.7,1.3,1.6,10.8
SG,19,4,0,4.0,0.5,1.0,0.5,0.3,0.8,0.333,0.3,0.3,1.0,0.625,0.0,0.0,0.0,0.0,1.0,1.0,0.3,0.0,0.3,0.3,0.0,1.3
SF,21,3,0,2.0,0.0,0.0,0.0,0.0,0.0,0.0,0.0,0.0,0.0,0.0,0.0,0.0,0.0,0.0,0.3,0.3,0.0,0.3,0.0,0.0,0.0,0.0
PG,35,26,26,32.4,6.5,13.4,0.489,1.5,4.0,0.369,5.1,9.4,0.539,0.543,2.7,2.7,0.972,0.6,4.1,4.7,8.2,1.2,0.3,2.3,2.7,17.2
PG,26,17,17,32.3,4.4,11.1,0.394,1.6,5.3,0.311,2.7,5.8,0.469,0.468,2.7,3.6,0.742,0.4,2.4,2.8,6.1,1.8,0.5,1.8,2.3,13.1
PG,24,17,0,18.2,2.2,5.5,0.394,0.5,1.4,0.375,1.6,4.1,0.4,0.441,0.4,0.5,0.778,0.5,1.7,2.2,4.6,1.0,0.2,1.2,0.8,5.3
SF,22,40,5,10.0,0.8,1.9,0.405,0.3,0.9,0.297,0.5,0.9,0.514,0.48,0.7,0.7,0.929,0.2,1.3,1.5,0.9,0.2,0.1,0.6,0.7,2.4
SF,35,77,44,19.0,1.3,3.0,0.445,0.1,0.3,0.174,1.3,2.7,0.476,0.454,0.2,0.2,0.684,0.4,1.5,1.9,0.9,0.5,0.2,0.4,0.8,2.9
PG,30,27,27,35.9,9.2,20.4,0.451,4.1,10.8,0.384,5.1,9.6,0.527,0.553,7.2,7.7,0.933,0.5,3.9,4.4,7.7,1.1,0.3,3.1,1.6,29.8
PF,22,23,11,14.3,2.1,3.2,0.671,0.0,0.0,0.0,2.1,3.2,0.671,0.671,1.1,1.6,0.676,1.4,1.9,3.3,0.7,0.5,1.3,0.8,2.0,5.3
SG,34,22,1,20.4,1.6,4.1,0.4,1.3,3.3,0.384,0.4,0.8,0.471,0.556,0.5,0.7,0.8,0.4,1.0,1.4,1.1,0.5,0.4,0.4,1.5,5.1
C,19,20,16,21.0,4.9,9.8,0.503,0.5,1.1,0.409,4.5,8.7,0.514,0.526,1.9,3.1,0.623,1.5,4.6,6.1,0.7,0.4,1.3,1.6,3.2,12.2
PG,23,8,0,4.9,0.5,1.3,0.4,0.0,0.4,0.0,0.5,0.9,0.571,0.4,0.0,0.0,0.0,0.0,0.0,0.0,0.4,0.4,0.0,0.6,0.3,1.0
PG,28,20,20,35.4,10.7,20.0,0.534,3.1,6.9,0.442,7.6,13.1,0.582,0.61,3.9,4.3,0.918,0.9,3.7,4.6,5.7,1.1,0.8,2.4,3.0,28.3
C,24,27,27,31.2,4.7,9.4,0.498,1.4,4.4,0.325,3.2,4.9,0.654,0.575,2.4,3.1,0.776,1.3,5.3,6.6,1.0,1.1,3.5,1.4,3.6,13.2
SG,21,2,0,7.5,1.0,3.0,0.333,0.0,0.5,0.0,1.0,2.5,0.4,0.333,1.5,2.5,0.6,0.0,1.0,1.0,1.5,1.5,0.0,1.0,1.0,3.5
SG,30,81,81,33.8,5.4,12.6,0.427,1.1,3.5,0.309,4.3,9.1,0.472,0.47,2.0,2.5,0.786,0.5,2.8,3.3,4.7,1.9,0.5,2.5,2.1,13.8
SG,22,36,0,8.8,1.0,2.7,0.367,0.5,1.8,0.302,0.5,1.0,0.486,0.464,0.2,0.2,0.857,0.1,1.0,1.0,0.4,0.4,0.1,0.3,0.8,2.7
SG,31,75,75,28.0,5.6,11.7,0.48,2.7,5.6,0.475,3.0,6.1,0.484,0.593,2.4,2.7,0.888,0.1,1.7,1.9,1.4,0.6,0.1,1.0,1.8,16.3
C,32,28,22,21.6,3.2,4.0,0.788,0.0,0.0,0.0,3.2,4.0,0.788,0.788,0.8,1.5,0.548,1.8,5.3,7.0,1.9,0.3,1.4,1.7,2.1,7.2
PG,34,25,25,34.4,6.0,13.2,0.452,2.8,7.1,0.388,3.2,6.1,0.526,0.556,3.0,3.5,0.874,0.8,4.6,5.4,6.4,1.2,0.2,2.9,3.2,17.7
C,25,9,9,33.1,7.7,15.1,0.507,2.0,4.7,0.429,5.7,10.4,0.543,0.574,4.4,4.8,0.93,3.1,7.4,10.6,3.3,1.0,1.9,2.8,3.3,21.8
PF,24,7,0,5.9,0.7,1.6,0.455,0.0,0.3,0.0,0.7,1.3,0.556,0.455,0.1,0.3,0.5,0.7,1.0,1.7,0.4,0.1,0.1,0.7,1.0,1.6
C,28,6,0,6.3,0.5,0.7,0.75,0.0,0.0,0.0,0.5,0.7,0.75,0.75,0.8,1.3,0.625,1.0,1.0,2.0,0.8,0.3,0.0,0.5,0.5,1.8
SF,30,20,20,34.0,8.4,16.6,0.508,3.8,7.9,0.478,4.7,8.7,0.534,0.621,3.8,4.2,0.905,0.7,5.6,6.2,5.5,1.2,0.5,3.6,2.3,24.4
C,28,15,12,24.1,4.2,8.0,0.525,0.2,1.1,0.188,4.0,6.9,0.577,0.538,1.5,1.9,0.759,2.6,5.4,8.0,2.5,0.7,0.6,0.9,2.5,10.1
PG,21,2,0,2.0,0.0,0.0,0.0,0.0,0.0,0.0,0.0,0.0,0.0,0.0,0.0,0.0,0.0,0.0,0.0,0.0,0.0,0.0,0.0,0.5,0.0,0.0
SF,29,25,25,26.8,3.1,7.6,0.411,1.8,4.6,0.383,1.4,3.0,0.453,0.526,0.5,0.6,0.813,0.3,3.2,3.5,1.4,0.7,0.2,0.7,2.5,8.5
PG,32,23,3,17.3,1.8,5.7,0.323,0.7,1.7,0.421,1.1,4.0,0.283,0.385,1.2,1.3,0.9,0.3,1.3,1.6,2.0,0.9,0.1,1.1,1.0,5.5
PG,23,7,4,24.1,2.0,5.6,0.359,0.0,0.7,0.0,2.0,4.9,0.412,0.359,0.4,0.6,0.75,1.1,2.4,3.6,3.0,1.3,0.4,1.3,1.7,4.4
SF,26,26,11,21.0,1.2,3.9,0.294,0.9,3.3,0.264,0.3,0.6,0.467,0.407,0.2,0.3,0.857,1.1,2.5,3.6,0.9,0.3,0.2,0.6,1.1,3.4
SG,29,28,1,28.8,5.5,13.3,0.414,2.0,5.7,0.346,3.5,7.6,0.465,0.488,2.4,2.6,0.892,0.3,2.9,3.2,2.1,1.0,0.5,1.8,2.0,15.3
SG,29,67,35,28.5,4.2,10.3,0.408,1.6,4.8,0.344,2.6,5.6,0.464,0.488,5.3,6.3,0.83,0.5,2.1,2.5,2.5,0.9,0.3,1.6,1.6,15.3
C,21,32,3,17.1,3.2,7.6,0.417,0.0,0.1,0.0,3.2,7.5,0.423,0.417,1.9,3.1,0.616,2.0,3.4,5.5,1.3,0.8,1.4,1.7,2.8,8.2
PF,23,1,0,8.0,0.0,2.0,0.0,0.0,0.0,0.0,0.0,2.0,0.0,0.0,0.0,0.0,0.0,0.0,4.0,4.0,0.0,0.0,2.0,2.0,1.0,0.0
SG,22,7,0,6.0,0.7,2.0,0.357,0.1,1.1,0.125,0.6,0.9,0.667,0.393,0.0,0.0,0.0,0.1,0.4,0.6,0.6,0.3,0.1,0.3,0.7,1.6
SF,22,47,4,22.8,4.7,9.4,0.501,0.6,1.5,0.4,4.1,7.9,0.52,0.533,1.0,1.4,0.703,1.2,1.9,3.1,0.9,0.8,0.3,0.7,2.0,11.0
PF,22,61,61,35.5,9.2,18.6,0.493,0.6,1.8,0.324,8.6,16.9,0.511,0.508,5.3,7.0,0.758,2.1,8.1,10.3,1.9,1.3,2.0,2.0,2.4,24.3
PG,27,8,0,6.3,1.1,2.5,0.45,0.1,1.1,0.111,1.0,1.4,0.727,0.475,0.4,0.5,0.75,0.1,0.1,0.3,0.5,0.8,0.3,0.9,0.5,2.8
PF,24,6,0,8.8,1.0,1.5,0.667,0.2,0.2,1.0,0.8,1.3,0.625,0.722,1.7,2.0,0.833,1.2,1.8,3.0,1.0,0.2,0.3,1.3,2.3,3.8
PF,23,3,0,3.3,0.0,1.0,0.0,0.0,0.3,0.0,0.0,0.7,0.0,0.0,0.0,0.0,0.0,0.3,1.0,1.3,0.3,0.0,0.0,0.0,0.0,0.0
C,31,19,7,13.9,0.9,2.3,0.419,0.0,0.0,0.0,0.9,2.3,0.419,0.419,0.4,0.4,0.875,2.0,3.1,5.1,1.0,0.5,0.5,0.3,2.6,2.3
PF,27,57,6,18.2,2.2,5.4,0.405,0.7,1.8,0.373,1.5,3.6,0.422,0.467,0.9,1.1,0.831,0.9,3.4,4.3,1.9,0.4,0.5,1.0,1.9,6.0
PG,32,32,32,32.1,4.4,11.2,0.391,1.0,3.2,0.304,3.4,8.0,0.426,0.434,3.1,3.5,0.893,0.3,4.0,4.3,7.4,1.1,0.2,2.9,2.4,12.8
SG,19,29,12,28.2,5.4,14.2,0.383,1.8,5.7,0.319,3.6,8.5,0.427,0.448,1.9,2.3,0.806,0.6,3.1,3.7,2.4,0.7,0.3,1.6,1.5,14.6
PF,23,20,0,3.6,0.6,1.2,0.478,0.0,0.2,0.0,0.6,1.0,0.579,0.478,0.2,0.5,0.4,0.2,0.7,0.9,0.2,0.1,0.1,0.4,0.5,1.3
SG,24,17,0,19.4,2.6,5.5,0.468,0.9,2.2,0.405,1.7,3.4,0.509,0.548,1.1,1.5,0.72,0.9,3.2,4.1,1.4,0.5,0.6,0.8,1.7,7.1
PF,27,13,0,6.0,0.8,1.9,0.44,0.0,0.2,0.0,0.8,1.7,0.5,0.44,0.6,0.8,0.8,0.5,1.5,2.0,0.0,0.1,0.2,0.2,0.7,2.3
SG,22,23,18,20.3,1.7,4.8,0.345,0.4,2.0,0.217,1.2,2.8,0.438,0.391,1.3,1.7,0.763,1.0,1.6,2.6,1.2,0.8,0.6,0.7,1.9,5.0
C,25,12,0,10.0,2.1,3.5,0.595,0.0,0.3,0.0,2.1,3.3,0.641,0.595,0.1,0.2,0.5,1.1,1.2,2.3,0.3,0.2,0.2,0.3,0.8,4.3
C,26,48,0,11.0,1.8,4.3,0.41,0.0,0.0,0.0,1.8,4.2,0.414,0.41,0.4,0.5,0.826,0.6,2.0,2.6,1.0,0.2,0.8,0.9,1.4,3.9
SG,29,13,13,33.8,9.5,20.0,0.473,4.8,11.0,0.441,4.6,9.0,0.513,0.594,2.9,3.5,0.844,0.5,3.4,3.9,5.0,1.3,0.3,1.0,2.2,26.7
SG,26,7,1,14.4,1.3,4.9,0.265,0.3,1.4,0.2,1.0,3.4,0.292,0.294,0.9,1.1,0.75,0.6,1.6,2.1,0.3,0.4,0.4,0.6,1.3,3.7
SG,30,69,14,22.6,3.3,8.5,0.392,1.2,3.8,0.323,2.1,4.7,0.446,0.463,1.0,1.3,0.783,0.4,2.0,2.4,0.8,0.6,0.3,0.7,1.8,8.9
PG,21,57,1,12.2,2.0,4.9,0.41,0.6,1.9,0.324,1.4,2.9,0.467,0.475,0.3,0.4,0.792,0.2,1.3,1.5,1.9,0.6,0.1,0.8,1.4,5.0
SG,30,77,77,30.7,4.6,11.0,0.415,2.6,6.6,0.4,1.9,4.4,0.438,0.535,0.6,0.9,0.634,0.6,2.3,2.8,1.7,1.1,0.3,0.8,2.6,12.4
C,26,25,3,19.0,1.8,3.1,0.564,0.0,0.1,0.0,1.8,3.0,0.579,0.564,0.5,0.9,0.545,1.7,3.6,5.3,0.5,0.9,1.9,0.9,2.2,4.0
PG,24,54,37,30.5,4.6,10.3,0.452,0.3,1.0,0.273,4.4,9.3,0.472,0.466,2.0,3.0,0.654,0.9,4.2,5.1,5.2,1.5,0.8,2.8,3.0,11.5
C,26,13,0,17.1,2.8,5.1,0.545,0.1,0.4,0.2,2.7,4.7,0.574,0.553,1.2,1.8,0.652,2.6,3.8,6.5,1.2,0.5,0.4,0.4,1.1,6.8
SG,27,23,3,20.1,3.2,8.2,0.388,1.9,5.0,0.377,1.3,3.2,0.405,0.503,0.3,0.3,1.0,0.3,3.6,3.9,1.8,0.7,0.0,0.6,1.3,8.5
C,25,6,0,8.2,1.3,2.0,0.667,0.0,0.0,0.0,1.3,2.0,0.667,0.667,0.5,1.3,0.375,1.3,2.2,3.5,0.0,0.0,1.3,0.2,1.5,3.2
SF,33,25,8,26.6,4.1,7.9,0.518,2.4,5.3,0.451,1.7,2.6,0.656,0.67,1.2,1.4,0.882,0.4,3.0,3.5,4.7,0.4,0.2,1.6,1.7,11.8
SF,24,6,0,15.3,1.2,2.5,0.467,0.7,1.8,0.364,0.5,0.7,0.75,0.6,0.7,0.7,1.0,0.5,0.8,1.3,0.5,0.2,0.2,0.5,0.7,3.7
SG,30,10,1,21.1,3.1,6.6,0.47,1.6,3.8,0.421,1.5,2.8,0.536,0.591,0.7,0.9,0.778,0.2,1.6,1.8,1.4,0.7,0.1,0.9,2.6,8.5
PF,29,17,11,25.6,2.2,5.1,0.43,1.7,3.8,0.453,0.5,1.3,0.364,0.599,1.0,1.1,0.944,0.9,4.4,5.4,1.5,0.4,0.8,0.6,2.4,7.1
SG,24,4,0,6.0,0.5,1.8,0.286,0.3,1.5,0.167,0.3,0.3,1.0,0.357,1.3,1.8,0.714,0.3,0.8,1.0,1.0,0.3,0.3,1.0,1.3,2.5
SG,24,66,1,8.8,1.3,3.1,0.441,0.5,1.3,0.357,0.9,1.8,0.5,0.515,0.4,0.5,0.824,0.2,0.8,1.0,1.0,0.3,0.2,0.7,0.9,3.6
SF,24,1,0,24.0,2.0,10.0,0.2,2.0,5.0,0.4,0.0,5.0,0.0,0.3,0.0,0.0,0.0,2.0,2.0,4.0,1.0,1.0,0.0,0.0,2.0,6.0
PF,28,57,32,16.2,2.0,4.2,0.475,0.4,1.2,0.303,1.6,3.1,0.54,0.517,0.7,1.2,0.574,0.5,1.7,2.2,1.2,0.5,0.6,0.9,1.5,5.0
SG,28,9,9,33.3,7.1,16.9,0.421,2.8,7.7,0.362,4.3,9.2,0.47,0.503,3.0,4.1,0.73,0.1,5.6,5.7,4.2,1.7,0.2,2.0,2.6,20.0
C,28,26,21,24.0,3.7,6.5,0.571,0.9,2.2,0.397,2.8,4.2,0.664,0.64,1.1,1.6,0.683,1.3,3.8,5.1,1.4,0.6,1.0,1.0,2.8,9.3
PF,23,17,0,4.1,0.4,1.4,0.261,0.1,0.7,0.167,0.2,0.6,0.364,0.304,0.2,0.2,0.75,0.1,0.6,0.6,0.2,0.1,0.1,0.3,0.8,1.0
PF,31,62,4,10.7,2.0,5.3,0.382,0.8,2.8,0.273,1.3,2.5,0.503,0.454,0.4,0.4,0.917,0.4,2.1,2.5,0.4,0.3,0.2,0.5,1.1,5.1
C,30,29,2,21.9,1.8,4.6,0.383,0.0,0.0,0.0,1.8,4.6,0.386,0.383,0.8,1.6,0.489,3.0,5.8,8.8,3.8,0.6,1.0,1.8,2.7,4.3
PF,23,2,0,13.5,2.5,7.0,0.357,0.5,2.5,0.2,2.0,4.5,0.444,0.393,1.0,2.0,0.5,1.5,5.0,6.5,1.0,0.0,1.0,1.0,1.5,6.5
PG,25,81,81,35.6,7.0,16.4,0.427,2.2,6.0,0.371,4.8,10.4,0.459,0.495,4.6,5.4,0.847,0.7,3.7,4.4,5.2,1.6,0.5,2.1,1.4,20.9
SG,28,16,8,25.1,4.1,8.1,0.508,1.9,3.9,0.5,2.2,4.3,0.515,0.627,2.3,2.4,0.923,0.9,3.4,4.3,1.6,0.9,0.5,0.9,2.1,12.4
SF,22,10,0,8.2,1.7,3.7,0.459,0.8,1.6,0.5,0.9,2.1,0.429,0.568,0.9,1.0,0.9,0.1,1.4,1.5,0.0,0.4,0.2,1.0,0.9,5.1
PF,26,79,0,25.6,2.6,6.2,0.414,1.3,3.7,0.362,1.2,2.5,0.49,0.521,0.4,0.4,0.853,1.0,3.4,4.3,1.2,0.7,0.4,0.8,1.6,6.9
PF,25,37,22,14.8,2.4,5.5,0.439,0.4,1.5,0.281,2.0,4.0,0.5,0.478,0.9,1.4,0.642,1.0,1.9,2.9,1.1,0.5,0.1,1.2,1.9,6.2
PF,24,5,0,11.0,1.0,2.4,0.417,0.8,1.2,0.667,0.2,1.2,0.167,0.583,0.0,0.8,0.0,0.4,1.6,2.0,0.0,0.2,0.4,0.6,0.6,2.8
PF,27,19,19,30.7,3.3,7.4,0.45,1.9,5.1,0.381,1.4,2.3,0.605,0.582,0.5,0.6,0.833,1.5,3.3,4.8,1.2,1.0,0.4,0.6,2.7,9.1
PF,21,27,0,14.1,2.0,4.3,0.466,0.0,0.1,0.0,2.0,4.2,0.474,0.466,1.7,2.3,0.726,1.4,1.7,3.2,0.6,0.3,0.3,0.7,2.1,5.7
SF,25,26,6,11.3,0.9,2.5,0.364,0.4,1.2,0.313,0.5,1.3,0.412,0.439,0.3,0.5,0.643,0.3,1.2,1.5,0.6,0.5,0.2,0.8,0.9,2.6
PF,29,26,21,22.5,2.8,5.6,0.507,0.0,0.1,0.0,2.8,5.5,0.514,0.507,1.3,2.1,0.611,2.9,5.4,8.3,0.8,0.3,0.3,0.9,2.2,7.0
SG,25,54,5,24.4,2.1,5.6,0.374,0.8,2.7,0.295,1.3,2.9,0.447,0.444,0.7,0.9,0.784,0.6,3.2,3.8,1.7,1.0,0.4,1.1,2.2,5.8
PF,32,19,18,35.7,9.9,18.9,0.524,2.6,5.9,0.434,7.3,12.9,0.565,0.592,6.6,7.6,0.869,0.4,6.9,7.3,5.3,0.7,1.4,3.5,2.3,29.0
SG,24,27,27,33.6,8.3,19.4,0.427,3.4,8.6,0.391,4.9,10.8,0.457,0.514,4.2,5.1,0.832,1.0,3.4,4.4,5.1,0.9,0.4,3.0,2.2,24.2
PF,28,74,56,25.4,3.8,8.9,0.424,1.3,3.5,0.371,2.5,5.4,0.458,0.496,1.5,2.1,0.721,1.9,3.5,5.4,0.9,0.7,0.4,1.0,2.3,10.4
SG,26,14,0,6.0,0.8,2.0,0.393,0.6,1.5,0.429,0.1,0.5,0.286,0.554,0.3,0.3,1.0,0.1,0.6,0.6,0.4,0.1,0.0,0.3,0.4,2.5
SG,24,78,15,27.6,3.6,9.1,0.399,1.1,3.1,0.358,2.5,6.0,0.421,0.46,1.4,2.0,0.713,0.5,2.1,2.6,2.0,1.0,0.2,1.5,1.8,9.8
PF,27,29,0,13.1,1.8,4.7,0.39,1.0,3.2,0.323,0.8,1.5,0.535,0.5,0.2,0.2,1.0,0.3,1.9,2.2,0.8,0.4,0.1,0.7,1.5,4.9
SF,25,69,13,19.9,3.3,6.9,0.481,0.4,1.1,0.385,2.9,5.7,0.5,0.513,1.3,1.6,0.784,0.6,2.7,3.2,1.9,0.6,0.1,1.4,2.0,8.3
SF,22,7,7,29.3,4.7,8.7,0.541,0.4,1.0,0.429,4.3,7.7,0.556,0.566,2.9,4.1,0.69,1.7,4.7,6.4,1.3,0.4,0.4,1.1,1.3,12.7
SG,25,26,1,21.4,2.8,6.2,0.45,1.5,3.8,0.408,1.2,2.4,0.516,0.575,0.4,0.4,1.0,0.8,3.1,3.9,1.8,1.0,0.3,0.7,2.0,7.5
SG,28,27,27,34.8,5.3,14.1,0.377,3.9,10.4,0.377,1.4,3.7,0.376,0.516,1.5,1.7,0.872,0.4,4.4,4.8,3.0,0.9,0.3,2.0,2.7,16.1
PG,32,27,0,25.4,4.7,10.5,0.449,2.6,6.5,0.4,2.1,4.0,0.528,0.572,1.2,1.3,0.943,0.3,1.6,1.9,2.7,0.7,0.0,1.0,1.4,13.2
PG,21,73,69,29.4,4.4,10.0,0.436,0.4,1.3,0.326,3.9,8.7,0.451,0.456,1.5,2.6,0.589,1.1,2.5,3.6,6.4,1.2,0.3,2.4,2.2,10.7
PG,25,25,25,32.8,4.4,12.4,0.352,2.8,8.1,0.347,1.6,4.3,0.361,0.465,2.2,2.8,0.775,0.6,2.4,3.0,5.7,1.0,0.0,1.4,1.5,13.7
C,29,17,6,16.3,1.4,2.8,0.511,0.1,0.4,0.143,1.4,2.4,0.575,0.521,1.8,2.6,0.689,1.2,2.4,3.6,0.9,0.8,0.4,0.6,2.4,4.7
C,29,68,64,17.3,1.5,2.9,0.533,0.0,0.0,0.0,1.5,2.9,0.533,0.533,0.9,1.6,0.545,1.8,4.3,6.1,0.4,0.3,0.3,0.9,1.8,4.0
PG,28,27,0,17.3,2.9,6.6,0.444,1.3,3.4,0.396,1.6,3.2,0.494,0.545,0.9,1.0,0.852,0.1,1.0,1.1,1.6,0.8,0.1,0.6,1.5,8.0
PF,20,24,4,15.1,1.8,4.5,0.404,0.5,1.4,0.382,1.3,3.1,0.413,0.463,0.5,1.0,0.478,1.0,1.8,2.8,0.4,1.2,0.5,0.6,1.6,4.7
SG,29,78,78,33.9,4.2,10.9,0.388,2.4,6.7,0.36,1.8,4.2,0.432,0.498,1.6,1.9,0.863,0.3,2.7,3.1,1.9,1.0,0.2,1.0,2.3,12.5
C,31,36,2,16.1,2.3,4.3,0.523,0.0,0.1,0.0,2.3,4.3,0.529,0.523,1.1,1.3,0.813,1.3,2.1,3.3,0.8,0.6,0.3,0.7,2.0,5.6
PG,21,21,18,32.3,6.4,14.2,0.452,1.7,4.1,0.407,4.8,10.1,0.469,0.51,1.3,1.5,0.903,0.5,1.8,2.2,5.3,1.0,0.1,2.5,2.4,15.9
PF,28,27,27,35.1,5.3,11.0,0.48,1.7,4.3,0.388,3.6,6.7,0.539,0.556,3.6,4.3,0.843,1.1,5.1,6.2,3.4,0.8,0.2,1.4,1.1,15.8
SF,23,27,0,15.4,2.1,5.6,0.38,1.4,4.3,0.322,0.7,1.3,0.571,0.503,0.8,0.9,0.875,0.3,1.6,1.9,1.2,0.6,0.2,0.7,0.9,6.4
PF,31,24,1,6.5,0.7,2.1,0.333,0.4,1.5,0.278,0.3,0.6,0.467,0.431,0.3,0.3,0.857,0.0,0.4,0.4,0.5,0.1,0.0,0.3,0.7,2.1
SG,20,30,30,33.7,6.2,14.6,0.428,1.0,3.4,0.304,5.2,11.2,0.466,0.463,3.0,4.0,0.742,1.3,4.9,6.2,3.1,0.7,0.2,1.9,2.5,16.5
PG,25,22,0,12.7,1.5,4.6,0.324,0.6,2.4,0.269,0.9,2.3,0.38,0.392,0.8,1.1,0.708,0.1,1.1,1.2,2.0,0.5,0.0,0.5,1.0,4.4
PG,25,44,9,15.7,2.3,5.1,0.455,1.1,2.5,0.45,1.2,2.6,0.46,0.567,1.0,1.2,0.833,0.2,1.2,1.4,1.5,0.5,0.1,0.8,0.9,6.8
PF,25,65,1,11.8,2.0,4.2,0.476,0.1,0.3,0.227,1.9,3.8,0.498,0.485,0.7,0.9,0.767,1.2,2.7,3.8,1.1,0.3,0.8,0.9,1.6,4.8
SF,22,78,14,18.7,2.5,5.3,0.474,0.5,1.8,0.279,2.0,3.5,0.576,0.522,0.9,1.4,0.622,1.3,2.3,3.6,0.9,0.6,0.4,0.8,1.6,6.4
PF,29,28,8,26.2,5.1,10.1,0.511,1.5,4.3,0.355,3.6,5.8,0.627,0.587,1.3,1.6,0.795,1.0,3.1,4.1,1.4,0.3,0.1,1.1,1.8,13.1
SF,27,20,0,18.2,5.4,10.3,0.522,0.2,0.5,0.333,5.2,9.8,0.531,0.529,1.9,2.5,0.776,1.5,3.5,4.9,0.8,0.6,0.5,1.2,2.0,12.8
PG,21,80,79,35.3,6.4,12.7,0.506,0.4,1.4,0.257,6.1,11.3,0.537,0.52,3.7,5.1,0.724,1.4,6.2,7.7,4.3,1.2,1.4,2.6,3.2,16.9
PF,20,78,56,15.1,1.5,3.6,0.421,0.1,0.6,0.239,1.4,3.0,0.457,0.441,0.5,0.7,0.745,1.2,2.7,3.9,0.4,0.3,0.3,0.6,1.9,3.6
PF,27,70,16,21.7,3.2,7.0,0.452,0.6,1.7,0.385,2.5,5.3,0.473,0.498,0.6,0.8,0.755,1.2,3.0,4.2,1.4,0.8,0.7,0.9,2.6,7.5
SF,25,18,2,18.0,2.9,6.4,0.457,1.2,3.3,0.356,1.8,3.2,0.561,0.547,0.8,1.0,0.778,0.4,1.9,2.4,1.8,0.4,0.1,1.0,1.2,7.8
C,21,27,13,21.5,4.9,9.3,0.524,1.1,2.7,0.397,3.8,6.6,0.576,0.582,1.7,2.3,0.73,1.3,3.6,4.9,1.3,0.7,1.2,1.1,3.1,12.5
PF,32,13,0,16.2,2.3,5.2,0.448,0.5,2.0,0.269,1.8,3.2,0.561,0.5,1.8,2.2,0.821,0.9,2.8,3.8,2.2,0.0,0.2,1.2,1.8,6.9
SF,30,81,81,35.3,4.4,10.6,0.416,2.3,6.2,0.371,2.1,4.4,0.478,0.523,1.6,2.0,0.783,0.8,3.7,4.5,2.3,2.0,0.3,1.4,2.2,12.7
C,23,11,0,6.6,1.0,1.7,0.579,0.0,0.0,0.0,1.0,1.7,0.579,0.579,0.3,0.7,0.375,0.6,1.3,1.9,0.3,0.1,0.5,0.5,0.7,2.3
PG,33,72,72,27.5,4.9,9.9,0.493,0.4,0.9,0.415,4.5,9.0,0.501,0.512,1.8,2.4,0.76,0.2,2.2,2.4,5.3,0.8,0.2,1.8,1.6,11.9
PG,26,4,1,19.8,2.3,6.0,0.375,0.5,1.3,0.4,1.8,4.8,0.368,0.417,1.3,1.8,0.714,0.8,2.3,3.0,3.0,0.0,0.0,1.3,1.8,6.3
PG,23,27,1,8.5,1.3,3.0,0.45,0.2,0.5,0.385,1.1,2.5,0.463,0.481,1.0,1.3,0.743,0.3,1.1,1.4,1.1,0.3,0.1,0.6,0.3,3.8
PF,21,25,25,24.9,5.1,10.8,0.476,1.0,2.8,0.371,4.1,8.0,0.513,0.524,1.5,2.9,0.514,2.1,5.3,7.4,0.9,0.5,0.5,1.5,2.5,12.8
SG,29,10,5,24.6,2.9,8.2,0.354,0.2,1.7,0.118,2.7,6.5,0.415,0.366,1.7,2.3,0.739,1.8,2.9,4.7,3.0,0.5,0.4,1.6,2.7,7.7
C,23,21,0,15.1,2.7,3.7,0.727,0.0,0.0,0.0,2.7,3.6,0.737,0.727,0.8,1.1,0.667,2.2,3.1,5.3,0.8,1.0,1.1,1.0,1.6,6.1
PG,24,6,0,2.8,0.2,1.3,0.125,0.0,0.3,0.0,0.2,1.0,0.167,0.125,0.0,0.0,0.0,0.0,0.5,0.5,0.3,0.0,0.0,0.0,0.2,0.3
PG,24,15,0,4.4,0.5,1.5,0.318,0.1,0.3,0.2,0.4,1.1,0.353,0.341,0.5,0.9,0.615,0.1,0.5,0.6,0.7,0.3,0.1,0.5,0.3,1.5
PF,35,59,4,11.8,0.8,1.8,0.459,0.0,0.0,0.0,0.8,1.8,0.467,0.459,0.4,0.6,0.697,1.2,1.7,2.9,0.9,0.3,0.3,0.8,1.8,2.1
PG,25,76,14,24.6,2.7,6.7,0.405,1.3,3.1,0.41,1.4,3.6,0.401,0.501,0.8,0.9,0.864,0.4,1.7,2.1,4.4,0.6,0.1,1.5,2.3,7.5
PG,25,12,0,9.3,1.0,3.4,0.293,0.4,1.5,0.278,0.6,1.9,0.304,0.354,0.8,0.9,0.818,0.3,0.7,0.9,2.3,0.3,0.3,0.7,0.7,3.2
PF,30,55,7,16.0,2.3,6.3,0.364,0.7,2.6,0.287,1.6,3.7,0.417,0.423,0.7,1.2,0.552,0.9,2.6,3.5,1.6,0.6,0.9,1.4,2.1,6.0
SF,22,37,1,6.4,0.8,1.9,0.403,0.2,0.7,0.28,0.6,1.3,0.468,0.451,0.6,0.8,0.8,0.4,0.7,1.1,0.3,0.2,0.2,0.5,0.8,2.4
PG,21,27,27,35.3,10.0,21.1,0.475,2.4,7.2,0.335,7.6,14.0,0.546,0.532,6.6,8.3,0.795,0.9,7.7,8.6,9.4,1.0,0.7,4.2,2.2,29.1
SG,26,55,2,14.8,2.2,4.4,0.504,0.3,0.9,0.383,1.9,3.5,0.533,0.541,1.3,1.7,0.75,0.3,1.5,1.7,1.1,0.4,0.1,1.0,1.9,6.0
SF,20,7,0,9.9,1.4,3.9,0.37,0.1,0.6,0.25,1.3,3.3,0.391,0.389,0.3,0.7,0.4,1.1,1.6,2.7,0.6,0.3,0.7,0.7,1.3,3.3
C,24,69,8,20.2,3.7,8.1,0.455,1.2,3.0,0.405,2.4,5.0,0.486,0.531,1.4,1.9,0.75,1.0,3.0,4.1,1.5,0.8,0.5,1.1,2.4,10.0
PF,19,26,26,27.7,3.7,8.1,0.455,0.9,2.2,0.397,2.8,5.9,0.477,0.509,1.8,2.3,0.797,0.9,3.7,4.6,1.1,0.7,0.7,1.5,2.3,10.1
SF,29,26,22,30.2,4.0,10.4,0.389,1.8,4.5,0.39,2.3,5.8,0.388,0.474,1.2,1.9,0.6,1.2,3.5,4.7,1.0,1.7,0.2,1.1,2.4,11.0
C,24,60,0,9.4,1.3,2.5,0.5,0.2,0.7,0.308,1.1,1.9,0.566,0.539,0.5,0.7,0.795,0.6,1.3,2.0,0.6,0.2,0.5,0.5,1.2,3.3
PF,20,27,27,32.6,9.6,15.6,0.618,0.2,0.6,0.375,9.4,15.0,0.627,0.625,5.6,7.7,0.718,2.4,4.4,6.8,3.1,1.0,0.7,2.3,2.6,25.0
SG,33,21,18,22.9,3.7,8.0,0.456,2.7,6.2,0.438,1.0,1.9,0.513,0.624,0.6,0.8,0.75,0.3,1.6,2.0,1.1,0.4,0.2,0.7,1.5,10.6
PG,30,3,0,11.0,0.7,2.7,0.25,0.0,0.7,0.0,0.7,2.0,0.333,0.25,0.0,0.0,0.0,0.0,1.3,1.3,2.3,0.3,0.0,1.0,1.3,1.3
PG,25,52,27,20.3,3.5,8.0,0.439,0.8,2.4,0.312,2.8,5.6,0.493,0.486,0.9,1.2,0.738,0.3,2.2,2.5,3.6,0.7,0.1,1.8,1.4,8.6
SG,28,61,8,18.2,3.5,8.9,0.399,1.5,4.4,0.337,2.0,4.5,0.46,0.482,1.1,1.3,0.848,0.6,1.8,2.5,1.4,0.8,0.1,0.8,1.5,9.7
SF,25,82,82,28.5,3.6,8.8,0.416,1.5,4.3,0.361,2.1,4.5,0.468,0.503,1.4,1.9,0.737,1.2,4.9,6.1,1.7,0.9,0.6,1.5,2.1,10.2
SG,23,26,6,24.1,4.5,10.5,0.427,1.4,4.4,0.322,3.1,6.1,0.503,0.495,2.3,3.4,0.685,0.7,3.3,4.0,1.9,1.0,0.9,2.4,3.0,12.8
C,21,10,0,4.2,0.9,1.5,0.6,0.0,0.1,0.0,0.9,1.4,0.643,0.6,0.2,0.2,1.0,0.5,0.9,1.4,0.4,0.0,0.3,0.2,0.6,2.0
SG,23,51,1,16.9,2.2,5.2,0.43,0.9,2.8,0.338,1.3,2.4,0.537,0.521,1.0,1.1,0.893,0.1,1.5,1.7,1.0,0.4,0.1,0.5,0.9,6.4
PF,30,74,74,30.6,7.2,14.1,0.513,0.0,0.2,0.0,7.2,13.9,0.521,0.513,3.5,4.1,0.858,2.4,6.2,8.5,1.5,0.5,1.1,1.3,2.0,18.0
SG,24,77,17,28.0,3.5,8.8,0.397,1.9,5.1,0.38,1.6,3.7,0.42,0.507,0.9,1.2,0.719,0.7,2.8,3.5,1.3,0.5,0.3,1.0,2.4,9.8
PG,24,20,19,29.2,7.0,16.3,0.426,3.0,7.4,0.399,4.0,8.9,0.449,0.517,2.4,3.2,0.75,0.5,2.2,2.6,5.1,1.1,0.5,2.7,2.0,19.3
PF,33,29,0,7.0,0.7,1.8,0.358,0.0,0.0,0.0,0.7,1.8,0.358,0.358,0.5,0.9,0.519,0.8,0.9,1.7,0.4,0.2,0.2,0.5,1.5,1.8
PG,31,65,63,32.4,4.9,11.9,0.414,1.5,4.3,0.344,3.4,7.6,0.454,0.477,2.8,3.2,0.869,0.3,2.6,2.9,5.8,0.9,0.2,2.3,2.4,14.1
C,25,18,2,5.7,0.7,2.2,0.325,0.1,0.3,0.2,0.7,1.9,0.343,0.338,0.4,0.4,0.875,0.2,1.3,1.6,0.3,0.1,0.2,0.2,1.1,1.9
C,22,27,27,32.1,6.1,10.3,0.59,0.1,0.6,0.25,5.9,9.7,0.611,0.597,1.6,2.3,0.721,3.7,8.6,12.2,1.8,0.3,1.0,2.1,3.4,13.9
PG,25,75,75,35.7,8.2,19.7,0.419,3.1,8.1,0.375,5.2,11.5,0.45,0.497,5.5,6.2,0.892,0.6,3.4,4.0,6.8,0.9,0.4,3.2,2.2,25.1
PG,27,45,23,26.6,4.4,10.8,0.405,0.7,2.3,0.324,3.6,8.5,0.427,0.439,1.2,1.4,0.8,0.2,3.1,3.4,3.7,0.8,0.1,1.7,2.3,10.6
C,22,16,5,25.9,4.9,7.8,0.624,0.1,0.3,0.25,4.8,7.6,0.636,0.628,3.4,4.4,0.761,2.8,5.2,7.9,1.6,0.4,1.7,1.3,1.4,13.2
SG,24,43,0,11.1,2.1,4.3,0.476,1.4,2.8,0.484,0.7,1.5,0.462,0.634,0.1,0.2,0.556,0.2,1.2,1.3,0.5,0.3,0.1,0.6,0.9,5.6
PG,21,9,0,3.0,0.7,1.3,0.5,0.1,0.1,1.0,0.6,1.2,0.455,0.542,0.6,0.6,1.0,0.4,0.0,0.4,0.1,0.0,0.0,0.2,0.2,2.0
PG,39,39,4,11.8,1.5,2.7,0.557,0.1,0.2,0.25,1.5,2.5,0.582,0.566,0.6,0.8,0.75,0.3,1.0,1.3,2.2,0.4,0.0,0.9,1.2,3.7
C,31,76,69,26.4,2.9,6.2,0.466,0.0,0.0,0.0,2.9,6.1,0.469,0.466,2.8,3.6,0.768,3.3,6.2,9.4,1.7,0.8,0.3,1.6,2.4,8.6
PG,19,80,48,28.2,4.9,12.0,0.41,1.6,4.6,0.351,3.3,7.3,0.447,0.478,1.8,2.4,0.737,0.6,2.8,3.4,3.3,1.2,0.2,2.5,1.8,13.2
C,28,72,0,11.6,2.7,6.3,0.432,0.3,0.9,0.387,2.4,5.5,0.439,0.458,1.3,1.6,0.825,1.1,2.3,3.3,0.8,0.3,0.5,0.9,1.6,7.1
PF,24,69,2,14.4,2.1,4.3,0.493,0.0,0.2,0.125,2.1,4.1,0.514,0.497,1.5,2.1,0.739,1.2,2.7,4.0,0.6,0.5,0.3,0.6,1.7,5.8
PG,26,48,7,18.1,2.3,6.3,0.368,1.1,3.2,0.329,1.3,3.1,0.409,0.452,1.2,1.6,0.731,0.3,1.7,2.0,3.5,0.6,0.1,1.2,1.2,6.9
PG,33,44,5,16.1,2.0,4.5,0.434,0.3,1.0,0.341,1.6,3.5,0.461,0.472,0.4,0.5,0.9,0.2,1.5,1.6,2.6,0.3,0.0,1.2,1.2,4.7
SF,21,23,0,16.2,1.9,4.9,0.389,1.1,2.9,0.379,0.8,2.0,0.404,0.5,0.4,0.5,0.833,0.4,1.7,2.1,0.7,0.3,0.3,0.7,1.4,5.3
SF,30,20,19,21.9,2.6,5.2,0.495,0.9,1.9,0.447,1.7,3.3,0.523,0.578,1.3,1.6,0.839,1.2,2.6,3.8,1.4,1.0,0.3,1.0,2.2,7.3
SF,32,27,27,29.9,3.3,6.8,0.492,2.1,4.6,0.456,1.2,2.1,0.569,0.648,1.0,1.1,0.867,0.9,4.0,4.9,2.3,1.4,0.4,0.7,1.7,9.7
SF,22,55,9,11.8,1.3,3.2,0.406,0.4,1.5,0.265,0.9,1.7,0.533,0.469,0.8,1.0,0.8,0.3,2.1,2.4,0.5,0.3,0.5,0.4,0.8,3.8
PF,34,30,0,10.2,1.1,3.4,0.32,0.2,1.4,0.171,0.9,2.1,0.419,0.354,0.3,0.5,0.643,0.9,1.9,2.8,0.4,0.3,0.4,0.4,1.3,2.7
PF,36,27,3,25.3,4.6,11.7,0.396,1.7,4.5,0.377,2.9,7.2,0.407,0.468,2.4,2.8,0.842,0.6,2.9,3.5,1.3,0.8,0.8,0.9,2.1,13.3
C,22,81,3,21.1,2.7,6.5,0.41,0.8,2.5,0.337,1.8,4.0,0.455,0.474,1.3,1.8,0.73,0.9,3.3,4.1,1.2,0.5,0.5,0.7,1.6,7.5
PF,20,23,1,18.7,2.0,5.1,0.398,1.0,2.7,0.381,1.0,2.4,0.418,0.5,0.3,0.7,0.4,0.7,2.7,3.3,1.0,0.3,1.1,0.8,2.5,5.4
PG,31,29,0,16.0,1.3,4.0,0.336,0.3,1.6,0.222,1.0,2.4,0.408,0.379,1.3,1.5,0.884,0.2,1.6,1.8,2.7,0.8,0.1,0.8,1.4,4.3
PF,24,52,2,9.3,1.0,2.8,0.366,0.2,0.6,0.281,0.8,2.2,0.389,0.397,0.3,0.5,0.654,0.4,1.8,2.1,0.6,0.3,0.2,0.7,1.5,2.5
PF,30,81,81,32.7,6.2,13.2,0.47,0.9,2.9,0.319,5.3,10.3,0.512,0.505,3.8,5.0,0.757,2.4,6.6,9.0,3.3,1.8,1.7,2.4,2.9,17.1
SG,24,77,39,25.5,3.4,9.4,0.36,2.3,6.3,0.363,1.1,3.1,0.354,0.482,1.9,2.3,0.833,0.3,2.0,2.3,1.8,0.7,0.2,1.2,1.7,11.0
SG,24,29,7,22.0,3.0,6.5,0.463,1.6,3.6,0.442,1.4,2.9,0.488,0.585,0.4,0.5,0.867,0.3,2.6,2.9,1.8,0.3,0.2,0.9,1.6,8.0
C,25,79,67,29.3,6.2,11.9,0.522,0.0,0.0,0.0,6.2,11.9,0.522,0.522,2.9,3.9,0.74,2.8,6.1,8.8,2.3,0.9,0.8,1.6,2.1,15.3
PF,25,81,81,34.7,5.0,10.1,0.49,1.2,3.2,0.388,3.7,6.9,0.537,0.551,2.8,4.1,0.696,1.7,7.8,9.5,7.4,1.5,1.4,3.2,3.0,14.0
SF,26,28,28,36.3,7.9,17.8,0.443,2.6,6.6,0.387,5.3,11.2,0.476,0.515,5.4,6.1,0.883,0.8,4.4,5.3,2.9,0.8,1.2,1.7,2.8,23.8
SF,31,75,11,23.4,2.5,5.0,0.505,0.6,1.7,0.339,1.9,3.3,0.589,0.562,0.8,1.3,0.626,0.7,3.8,4.5,1.4,1.1,0.5,0.9,1.5,6.4
SG,30,79,65,29.5,3.7,8.1,0.454,1.0,2.7,0.378,2.6,5.3,0.493,0.518,1.3,1.5,0.839,0.4,2.2,2.6,1.7,1.1,0.4,0.9,1.7,9.6
SF,28,15,15,28.7,5.8,12.9,0.451,2.3,6.2,0.366,3.5,6.7,0.53,0.539,4.0,5.0,0.8,0.3,2.3,2.5,3.6,1.0,0.4,2.1,2.3,17.9
PG,21,26,0,19.4,3.9,9.8,0.395,1.7,4.6,0.367,2.2,5.2,0.419,0.48,2.9,3.1,0.95,0.4,2.0,2.3,2.7,0.4,0.3,0.9,2.1,12.4
SG,27,19,19,31.6,4.4,10.3,0.423,1.5,5.2,0.296,2.8,5.2,0.551,0.497,2.2,2.4,0.933,1.0,1.9,2.9,2.7,0.8,0.2,1.4,2.9,12.5
PF,22,24,24,28.8,4.0,9.6,0.42,1.1,3.3,0.329,3.0,6.3,0.467,0.476,2.0,2.7,0.738,1.7,4.9,6.5,3.0,0.9,1.3,2.0,2.7,11.2
PF,27,75,0,15.3,2.3,5.0,0.468,0.8,2.1,0.392,1.5,2.9,0.523,0.551,0.7,0.8,0.794,0.7,2.0,2.7,1.0,0.3,0.2,0.6,1.4,6.2
PF,25,3,0,2.7,0.0,0.7,0.0,0.0,0.3,0.0,0.0,0.3,0.0,0.0,0.0,0.0,0.0,0.0,0.3,0.3,0.3,0.0,0.0,0.7,0.7,0.0
C,28,17,0,6.3,0.7,1.4,0.522,0.0,0.1,0.0,0.7,1.3,0.545,0.522,0.4,0.4,1.0,0.2,1.1,1.3,0.3,0.0,0.2,0.4,1.1,1.8
C,19,26,2,17.9,2.2,4.2,0.523,0.0,0.2,0.25,2.2,4.0,0.533,0.528,0.8,1.2,0.7,2.5,2.9,5.4,0.7,0.5,0.9,0.8,2.7,5.2
PF,24,82,34,27.7,3.0,5.1,0.588,0.0,0.0,0.0,3.0,5.1,0.588,0.588,1.8,3.0,0.616,3.3,5.7,9.0,0.8,0.5,0.6,0.7,2.5,7.8
PG,23,78,17,22.4,2.8,6.4,0.442,0.5,1.4,0.361,2.3,5.1,0.464,0.481,1.1,1.4,0.776,0.4,1.9,2.3,4.4,1.2,0.2,1.9,1.6,7.3
PF,20,8,0,6.3,0.8,2.1,0.353,0.3,0.9,0.286,0.5,1.3,0.4,0.412,0.0,0.3,0.0,0.6,0.6,1.3,0.3,0.0,0.3,0.1,0.4,1.8
PF,35,26,26,23.9,3.8,7.3,0.524,1.2,3.0,0.41,2.6,4.3,0.604,0.608,1.6,2.3,0.695,1.6,3.6,5.2,1.7,0.8,0.5,1.0,2.1,10.4
SF,20,81,81,35.1,7.3,16.0,0.459,0.7,2.3,0.3,6.6,13.6,0.486,0.481,5.3,7.0,0.761,1.3,2.3,3.6,2.0,1.0,0.6,2.2,2.0,20.7
PG,19,21,0,8.6,0.9,2.2,0.404,0.2,0.8,0.313,0.7,1.5,0.452,0.457,0.2,0.3,0.667,0.4,1.5,1.9,0.5,0.2,0.1,0.5,0.8,2.2
PG,29,77,77,37.0,6.6,15.6,0.427,2.8,7.1,0.388,3.9,8.5,0.461,0.516,5.2,6.4,0.811,0.7,4.0,4.7,6.4,2.1,0.4,2.9,2.7,21.2
SF,25,8,0,3.4,0.0,1.1,0.0,0.0,0.5,0.0,0.0,0.6,0.0,0.0,0.6,0.8,0.833,0.1,0.3,0.4,0.3,0.1,0.0,0.0,0.0,0.6
SF,25,24,24,29.2,6.1,15.4,0.397,1.9,6.0,0.319,4.2,9.4,0.447,0.459,1.7,2.1,0.8,1.0,2.2,3.3,2.6,1.3,0.4,2.3,3.3,15.8
PF,21,4,0,2.8,0.5,1.5,0.333,0.5,0.8,0.667,0.0,0.8,0.0,0.5,0.3,0.5,0.5,0.0,0.0,0.0,0.0,0.0,0.0,0.0,0.0,1.8
C,25,14,4,18.8,2.4,5.5,0.429,0.0,0.0,0.0,2.4,5.5,0.429,0.429,1.8,2.1,0.833,1.5,3.6,5.1,0.6,0.6,1.0,0.9,2.6,6.5
C,29,34,6,11.7,1.4,2.3,0.628,0.0,0.0,0.0,1.4,2.3,0.636,0.628,0.8,1.4,0.587,1.2,2.4,3.6,0.3,0.2,1.1,0.7,1.6,3.7
C,29,81,1,15.2,2.4,4.7,0.505,0.0,0.0,0.0,2.4,4.7,0.508,0.505,1.6,2.0,0.764,1.7,3.0,4.7,0.6,0.3,0.6,0.8,1.9,6.3
PF,30,2,0,8.0,0.5,0.5,1.0,0.5,0.5,1.0,0.0,0.0,0.0,1.5,0.0,1.0,0.0,0.5,1.5,2.0,1.0,0.0,0.0,1.0,0.0,1.5
PG,23,25,25,30.9,5.2,12.2,0.424,2.9,7.6,0.381,2.3,4.6,0.496,0.543,0.8,1.1,0.741,0.6,3.7,4.3,4.7,1.2,0.5,2.0,2.5,14.0
C,21,13,0,9.5,1.7,2.9,0.579,0.2,0.9,0.167,1.5,2.0,0.769,0.605,0.7,0.9,0.75,0.7,1.5,2.2,0.2,0.2,1.1,0.3,1.8,4.2
SF,28,30,2,8.4,0.9,1.6,0.542,0.1,0.5,0.25,0.7,1.1,0.688,0.583,0.5,0.7,0.714,0.4,1.4,1.8,0.1,0.2,0.3,0.2,0.6,2.4
C,25,1,0,6.0,0.0,1.0,0.0,0.0,1.0,0.0,0.0,0.0,0.0,0.0,0.0,0.0,0.0,1.0,0.0,1.0,1.0,0.0,0.0,5.0,2.0,0.0
PG,34,14,2,15.3,1.4,3.9,0.345,0.6,1.9,0.308,0.8,2.1,0.379,0.418,0.1,0.1,0.5,0.3,2.0,2.3,3.9,0.6,0.1,1.4,0.9,3.4
SF,21,29,17,21.2,2.2,4.8,0.457,0.1,0.5,0.286,2.0,4.3,0.476,0.471,1.3,1.8,0.712,1.3,4.0,5.3,1.5,1.3,0.6,0.9,2.1,5.8
SF,24,72,72,33.1,7.7,15.1,0.506,1.8,4.0,0.443,5.9,11.1,0.528,0.565,4.1,4.6,0.874,1.3,5.5,6.8,2.6,1.8,1.0,1.5,1.8,21.2
PG,33,23,23,29.3,5.7,12.7,0.45,2.8,6.8,0.41,2.9,5.9,0.496,0.56,2.3,2.8,0.815,1.0,2.7,3.7,5.8,1.4,0.1,2.0,1.8,16.5
PF,29,75,61,17.0,1.3,2.8,0.454,0.2,0.5,0.325,1.1,2.2,0.485,0.486,0.4,0.8,0.526,0.8,1.5,2.3,0.4,0.6,0.3,0.5,1.3,3.1
PG,28,26,1,24.0,2.7,5.3,0.504,0.2,0.6,0.375,2.5,4.7,0.52,0.525,0.2,0.5,0.333,0.7,2.7,3.3,6.6,1.7,0.4,1.7,1.6,5.8
PF,23,28,28,31.6,7.1,13.0,0.547,1.4,3.4,0.411,5.7,9.6,0.595,0.6,2.6,3.0,0.867,2.2,5.4,7.6,1.6,0.5,1.0,1.4,3.4,18.2
SG,24,62,6,15.8,2.0,5.2,0.394,0.6,2.0,0.314,1.4,3.2,0.443,0.453,1.1,1.5,0.755,0.4,1.6,2.0,1.5,0.6,0.2,0.9,1.5,5.9
PF,22,66,4,13.0,1.3,3.2,0.411,0.0,0.0,1.0,1.3,3.2,0.409,0.414,0.4,0.6,0.675,1.0,1.7,2.7,0.5,0.3,0.1,0.5,1.5,3.0
PF,30,79,1,21.3,4.2,9.8,0.427,2.3,5.8,0.393,1.9,4.0,0.476,0.544,1.5,2.0,0.774,0.7,3.1,3.8,1.1,0.4,0.3,1.1,2.0,12.2
C,21,12,0,4.1,0.3,0.6,0.571,0.0,0.0,0.0,0.3,0.6,0.571,0.571,0.3,0.5,0.667,0.3,0.8,1.1,0.0,0.1,0.3,0.3,0.7,1.0
SG,21,8,0,2.9,0.3,0.9,0.286,0.1,0.3,0.5,0.1,0.6,0.2,0.357,0.5,0.6,0.8,0.3,0.1,0.4,0.0,0.0,0.3,0.1,0.9,1.1
PF,24,1,0,6.0,2.0,2.0,1.0,0.0,0.0,0.0,2.0,2.0,1.0,1.0,0.0,0.0,0.0,1.0,0.0,1.0,0.0,0.0,0.0,0.0,1.0,4.0
C,29,81,81,23.2,2.2,5.1,0.443,0.0,0.0,0.0,2.2,5.0,0.445,0.443,1.4,1.8,0.807,1.6,3.3,4.9,1.2,0.4,1.4,0.9,3.1,5.9
C,25,17,17,31.2,8.8,15.7,0.558,1.9,4.5,0.421,6.9,11.2,0.613,0.618,2.6,3.8,0.688,1.8,8.4,10.2,1.3,0.9,1.5,1.8,1.9,22.0
SF,30,12,0,9.3,0.9,2.0,0.458,0.8,1.8,0.429,0.2,0.3,0.667,0.646,0.3,0.3,1.0,0.1,1.2,1.3,0.8,0.4,0.3,0.4,0.8,2.8
C,20,80,55,21.7,3.8,7.5,0.512,0.4,1.1,0.333,3.5,6.5,0.541,0.535,1.9,2.4,0.811,2.3,4.7,7.0,2.4,1.0,0.6,1.3,2.6,10.0
SF,25,29,13,26.4,4.1,10.9,0.381,2.1,6.1,0.341,2.1,4.8,0.432,0.476,1.1,1.4,0.786,0.7,2.7,3.3,2.6,0.9,0.1,1.0,2.1,11.5
SG,25,9,0,2.3,0.1,0.8,0.143,0.0,0.7,0.0,0.1,0.1,1.0,0.143,0.0,0.0,0.0,0.0,0.1,0.1,0.0,0.0,0.0,0.0,0.3,0.2
PG,23,10,0,7.9,0.9,3.2,0.281,0.4,1.6,0.25,0.5,1.6,0.313,0.344,0.7,0.8,0.875,0.3,0.9,1.2,1.3,0.4,0.0,0.1,0.5,2.9
PF,28,26,26,34.5,8.0,15.4,0.518,1.8,4.2,0.426,6.2,11.2,0.551,0.575,3.1,3.5,0.9,1.3,6.5,7.7,3.1,0.8,0.8,2.0,2.1,20.8
PF,20,80,33,17.3,2.4,5.5,0.438,0.6,1.6,0.383,1.8,3.9,0.461,0.494,0.7,1.0,0.695,0.7,3.0,3.7,0.7,0.3,0.2,0.8,1.4,6.1
SG,25,8,2,15.4,2.4,6.0,0.396,1.0,3.3,0.308,1.4,2.8,0.5,0.479,0.3,0.8,0.333,0.1,0.8,0.9,1.6,0.1,0.4,0.1,0.9,6.0
PF,25,6,0,7.2,0.5,2.3,0.214,0.2,1.8,0.091,0.3,0.5,0.667,0.25,0.3,0.3,1.0,0.0,1.5,1.5,0.3,0.3,0.2,0.2,0.2,1.5
SG,23,79,79,32.3,6.0,13.9,0.433,1.4,4.1,0.347,4.6,9.8,0.468,0.483,2.1,2.6,0.804,1.2,2.8,4.0,2.4,1.1,0.1,1.7,2.1,15.5
PF,35,6,0,3.7,0.2,0.2,1.0,0.2,0.2,1.0,0.0,0.0,0.0,1.5,0.0,0.0,0.0,0.2,0.8,1.0,0.2,0.0,0.0,0.0,0.0,0.5
PF,26,78,78,32.1,5.3,11.1,0.479,0.8,2.4,0.326,4.6,8.8,0.52,0.513,1.2,1.6,0.752,1.8,5.0,6.8,0.8,0.5,1.9,1.4,2.7,12.6
SF,20,79,9,17.9,2.3,5.3,0.433,0.8,2.4,0.349,1.4,2.9,0.504,0.513,0.6,0.7,0.907,0.4,1.9,2.2,1.4,0.5,0.2,1.2,1.6,6.1
SG,22,3,0,2.7,0.0,1.0,0.0,0.0,0.3,0.0,0.0,0.7,0.0,0.0,0.0,0.0,0.0,0.0,0.3,0.3,0.3,0.0,0.0,0.0,0.3,0.0
PF,25,18,0,10.7,1.0,1.8,0.563,0.0,0.0,0.0,1.0,1.8,0.563,0.563,0.4,0.9,0.412,0.7,1.7,2.3,0.3,0.2,0.1,0.4,1.6,2.4
C,32,2,0,12.0,0.5,1.0,0.5,0.0,0.0,0.0,0.5,1.0,0.5,0.5,1.0,1.0,1.0,0.0,4.0,4.0,1.0,0.0,0.0,1.5,3.0,2.0
PF,31,20,20,31.3,4.1,11.1,0.365,2.0,6.2,0.315,2.1,4.9,0.429,0.453,2.2,3.1,0.71,0.4,4.9,5.2,3.9,0.7,0.1,1.6,2.1,12.3
SF,21,13,0,15.8,1.7,4.8,0.355,0.8,2.8,0.306,0.8,2.0,0.423,0.444,0.5,0.9,0.583,0.6,2.8,3.5,1.0,0.2,0.2,0.9,1.8,4.8
SG,28,21,2,21.0,2.8,6.4,0.43,1.3,3.7,0.364,1.4,2.8,0.517,0.533,0.5,0.7,0.714,0.2,2.0,2.2,2.0,0.6,0.0,1.0,1.5,7.3
C,25,57,1,16.8,2.9,5.1,0.564,0.0,0.0,0.0,2.9,5.1,0.566,0.564,1.2,2.1,0.59,1.5,2.4,3.9,0.9,0.3,1.9,1.1,2.3,7.0
PG,20,6,0,9.3,0.2,1.5,0.111,0.2,0.3,0.5,0.0,1.2,0.0,0.167,0.7,0.7,1.0,0.0,1.7,1.7,0.2,0.0,0.2,0.5,0.5,1.2
SG,31,8,8,36.3,7.5,16.9,0.444,3.1,9.0,0.347,4.4,7.9,0.556,0.537,6.6,7.5,0.883,0.6,4.5,5.1,10.4,0.9,0.8,4.3,1.8,24.8
PG,22,8,3,18.0,2.8,8.1,0.338,0.4,2.1,0.176,2.4,6.0,0.396,0.362,2.5,4.6,0.541,0.3,2.4,2.6,2.5,0.4,0.0,3.6,1.4,8.4
C,30,12,3,13.0,1.6,4.2,0.38,0.0,0.0,0.0,1.6,4.2,0.38,0.38,1.3,1.7,0.8,0.6,1.2,1.8,0.9,0.1,0.0,0.8,1.8,4.5
SF,24,59,3,14.7,1.6,3.5,0.447,0.4,1.3,0.324,1.2,2.3,0.515,0.505,0.6,0.7,0.857,0.7,2.2,2.8,1.0,0.6,0.2,0.6,1.2,4.2
SF,35,31,30,22.7,2.5,6.1,0.41,1.3,3.2,0.394,1.2,2.9,0.427,0.513,0.9,1.2,0.784,0.3,2.4,2.7,1.3,0.5,0.3,0.8,2.1,7.2
SF,35,17,1,10.4,1.5,3.5,0.424,0.2,1.1,0.167,1.3,2.4,0.537,0.449,0.6,0.7,0.833,0.3,1.0,1.3,0.6,0.5,0.1,0.2,1.1,3.7
PG,24,82,7,24.8,2.8,7.2,0.393,0.9,2.7,0.344,1.9,4.4,0.423,0.458,1.0,1.4,0.754,0.5,3.0,3.5,2.5,0.9,0.3,0.7,2.2,7.6
PF,22,6,0,4.8,0.3,0.8,0.4,0.0,0.0,0.0,0.3,0.8,0.4,0.4,0.2,0.2,1.0,0.3,0.3,0.7,0.0,0.0,0.2,0.0,0.3,0.8
PF,24,10,0,9.4,1.4,3.7,0.378,0.8,2.3,0.348,0.6,1.4,0.429,0.486,0.1,0.2,0.5,0.3,1.9,2.2,0.3,0.1,0.3,0.4,1.2,3.7
PG,35,46,7,13.7,1.1,2.8,0.38,0.5,1.3,0.387,0.5,1.5,0.373,0.473,0.3,0.3,0.938,0.2,1.3,1.5,1.6,0.3,0.0,0.7,1.4,3.0
PF,26,10,0,18.1,3.5,8.0,0.438,1.1,3.5,0.314,2.4,4.5,0.533,0.506,2.3,2.4,0.958,0.7,3.3,4.0,1.2,1.0,0.2,1.4,2.0,10.4
C,23,26,26,33.6,7.4,12.9,0.573,0.1,0.2,0.4,7.3,12.7,0.576,0.576,5.1,6.0,0.841,1.9,7.3,9.2,5.3,1.0,1.0,3.0,2.6,19.9
PG,24,22,1,8.9,1.5,3.5,0.436,0.5,1.0,0.455,1.1,2.5,0.429,0.5,1.0,1.3,0.75,0.2,0.7,0.9,1.1,0.1,0.0,0.7,0.8,4.5
SF,27,22,1,15.7,1.8,4.2,0.43,0.7,2.0,0.372,1.1,2.3,0.48,0.516,1.0,1.0,0.913,0.3,1.3,1.6,0.9,0.1,0.1,0.5,1.0,5.3
PG,19,7,7,21.1,1.9,6.7,0.277,0.7,2.9,0.25,1.1,3.9,0.296,0.33,0.1,0.3,0.5,0.1,1.0,1.1,3.6,0.3,0.0,2.4,2.1,4.6
SG,30,27,14,20.8,3.1,7.4,0.427,1.2,3.4,0.348,2.0,4.0,0.495,0.508,1.1,1.4,0.744,0.3,2.4,2.7,3.3,0.7,0.1,1.0,1.9,8.6
PF,37,75,75,31.5,6.6,14.8,0.448,1.7,4.6,0.368,5.0,10.3,0.483,0.504,3.3,3.7,0.893,0.7,5.8,6.5,1.8,0.7,0.7,1.1,2.1,18.3
SG,26,59,22,21.4,3.2,6.6,0.481,0.8,1.8,0.452,2.4,4.8,0.491,0.541,0.4,0.6,0.629,0.3,1.9,2.3,1.7,0.6,0.3,0.9,1.7,7.5
SG,26,51,15,14.1,1.3,3.5,0.376,0.5,1.7,0.267,0.9,1.8,0.478,0.441,0.4,0.6,0.759,0.3,1.4,1.7,0.8,0.4,0.3,0.8,1.1,3.5
PF,25,19,19,29.1,4.8,11.2,0.427,1.6,4.4,0.369,3.2,6.8,0.465,0.5,2.6,4.2,0.613,1.7,5.5,7.2,4.2,0.7,0.8,2.8,2.0,13.8
SG,22,23,3,19.2,3.3,8.2,0.41,1.0,3.8,0.276,2.3,4.4,0.525,0.473,1.1,1.4,0.781,0.2,2.4,2.7,2.0,1.1,0.3,1.3,1.7,8.8
C,26,82,39,27.1,3.8,7.1,0.532,0.1,0.2,0.3,3.7,6.8,0.54,0.537,2.5,3.0,0.827,1.9,5.2,7.1,1.7,1.1,1.2,1.7,2.7,10.1
PG,26,11,0,9.7,0.8,2.2,0.375,0.5,1.5,0.375,0.3,0.7,0.375,0.5,0.4,0.5,0.8,0.1,1.9,2.0,1.5,0.3,0.0,0.2,0.9,2.5
SG,24,29,28,32.8,7.7,17.0,0.455,3.4,8.7,0.398,4.3,8.3,0.515,0.557,2.0,2.4,0.843,0.9,4.0,4.9,2.5,0.9,0.2,1.7,1.7,20.9
SF,27,61,51,29.5,5.2,10.7,0.492,1.7,4.1,0.414,3.5,6.6,0.54,0.571,1.5,2.2,0.684,0.5,4.2,4.7,2.8,0.8,0.3,1.6,1.9,13.7
SG,22,26,13,30.2,5.5,12.5,0.44,3.2,7.2,0.447,2.3,5.3,0.431,0.569,1.1,1.4,0.784,0.5,1.6,2.1,1.4,0.7,0.2,0.7,1.5,15.3
SG,22,55,35,31.1,6.5,14.5,0.449,1.9,4.9,0.387,4.6,9.6,0.481,0.515,2.5,3.2,0.767,0.7,2.7,3.4,2.9,1.0,0.2,2.0,2.1,17.4
SF,28,80,9,20.8,2.6,6.4,0.404,1.3,3.9,0.333,1.3,2.6,0.51,0.504,0.4,0.6,0.652,0.5,2.6,3.1,0.6,1.1,0.7,0.7,2.2,6.9
SF,27,68,2,14.4,1.3,3.3,0.389,0.4,1.4,0.309,0.8,1.8,0.452,0.457,0.4,0.6,0.659,0.7,1.3,2.1,0.4,0.4,0.1,0.5,1.8,3.4
PG,25,79,79,30.7,6.8,15.7,0.434,1.5,4.2,0.353,5.3,11.5,0.464,0.482,3.7,4.3,0.864,0.7,2.5,3.2,6.2,0.7,0.1,2.8,2.4,18.8
C,28,28,0,23.4,4.8,9.0,0.528,1.6,3.6,0.441,3.1,5.4,0.587,0.617,2.5,3.3,0.75,2.0,4.8,6.8,1.0,0.5,2.1,0.7,2.7,13.6
PF,22,5,0,3.2,0.2,0.6,0.333,0.2,0.4,0.5,0.0,0.2,0.0,0.5,0.0,0.0,0.0,0.0,0.6,0.6,0.4,0.0,0.0,0.0,0.2,0.6
SF,23,28,28,34.8,8.2,17.5,0.466,2.5,6.3,0.4,5.7,11.3,0.503,0.538,4.7,5.4,0.874,0.6,4.8,5.4,4.8,0.6,0.9,2.5,1.8,23.6
C,33,52,36,14.7,2.4,4.3,0.566,0.0,0.0,0.0,2.4,4.3,0.566,0.566,1.0,1.3,0.746,1.3,3.0,4.3,0.5,0.3,0.8,0.9,1.8,5.8
C,31,37,5,14.6,1.1,2.0,0.533,0.0,0.0,0.0,1.1,2.0,0.533,0.533,0.3,0.7,0.44,0.7,2.8,3.5,0.8,0.3,0.3,1.1,1.7,2.5
PF,30,24,3,21.3,3.3,7.5,0.441,1.7,4.0,0.427,1.6,3.5,0.458,0.556,1.1,1.3,0.844,1.7,4.5,6.3,1.0,0.6,0.3,1.1,2.8,9.4
C,23,82,1,21.0,5.0,8.8,0.576,0.1,0.3,0.476,4.9,8.5,0.579,0.583,2.4,3.1,0.797,3.0,5.1,8.1,0.4,0.3,0.4,1.4,2.0,12.7
PG,27,79,79,34.2,10.2,20.2,0.504,5.1,11.2,0.454,5.1,9.0,0.566,0.63,4.6,5.1,0.908,0.9,4.6,5.4,6.7,2.1,0.2,3.3,2.0,30.1
C,26,46,13,16.7,2.7,5.0,0.548,0.0,0.0,0.0,2.7,5.0,0.548,0.548,1.5,2.9,0.53,2.0,3.6,5.6,0.7,0.4,1.1,0.8,2.0,7.0
SF,27,66,2,14.1,1.6,3.6,0.435,0.4,1.3,0.279,1.2,2.3,0.523,0.485,0.6,0.8,0.696,0.7,1.6,2.3,1.0,0.5,0.2,0.7,0.9,4.1
SG,21,16,7,21.2,3.2,6.9,0.459,0.5,1.9,0.258,2.7,5.0,0.538,0.495,1.3,2.1,0.606,1.6,3.4,5.0,0.9,0.7,0.4,1.3,2.4,8.1
C,22,6,0,4.8,0.2,0.5,0.333,0.0,0.0,0.0,0.2,0.5,0.333,0.333,0.8,1.3,0.625,0.5,0.5,1.0,0.0,0.3,0.3,0.3,0.0,1.2
SF,20,6,1,7.2,0.2,2.0,0.083,0.2,1.2,0.143,0.0,0.8,0.0,0.125,0.0,0.0,0.0,0.2,0.2,0.3,0.2,0.3,0.2,0.7,0.3,0.5
SF,22,73,40,15.9,1.9,4.3,0.442,0.2,0.9,0.222,1.7,3.5,0.496,0.464,1.1,1.7,0.656,0.6,2.0,2.6,0.6,0.3,0.5,1.0,1.9,5.1
SF,23,18,18,34.4,5.1,10.3,0.489,2.4,5.7,0.431,2.6,4.7,0.56,0.608,2.0,2.7,0.75,1.6,4.3,5.9,1.6,2.0,0.6,1.7,2.9,14.6
SG,20,82,33,28.0,5.3,11.7,0.452,1.5,3.9,0.389,3.8,7.8,0.482,0.516,2.0,2.5,0.793,0.3,2.5,2.8,3.1,0.8,0.2,1.9,2.4,14.0
PF,24,66,38,24.9,3.8,9.2,0.407,2.0,5.2,0.39,1.7,4.0,0.43,0.518,2.2,2.7,0.807,0.9,4.6,5.5,1.5,0.9,0.7,1.5,2.3,11.8
C,27,61,14,14.3,2.3,3.8,0.601,0.0,0.0,0.0,2.3,3.8,0.601,0.601,0.6,1.0,0.576,1.5,2.3,3.8,0.3,0.3,0.8,0.7,1.2,5.1
PF,28,79,76,22.8,3.2,5.4,0.585,0.1,0.5,0.233,3.0,4.8,0.624,0.596,0.9,1.5,0.57,2.3,4.1,6.4,1.7,0.7,1.1,1.2,2.7,7.3
SF,31,29,29,30.7,5.0,12.1,0.416,2.6,6.6,0.387,2.5,5.5,0.45,0.521,2.6,3.0,0.864,0.5,3.5,4.0,2.1,0.4,0.0,1.5,1.5,15.2
PG,21,1,0,10.0,2.0,4.0,0.5,0.0,0.0,0.0,2.0,4.0,0.5,0.5,0.0,0.0,0.0,0.0,1.0,1.0,0.0,0.0,0.0,0.0,1.0,4.0
SF,27,4,4,29.3,6.8,12.8,0.529,0.0,1.8,0.0,6.8,11.0,0.614,0.529,2.0,2.5,0.8,0.5,3.0,3.5,1.3,0.5,0.0,1.0,4.0,15.5
PG,34,28,3,22.4,4.4,10.4,0.423,1.1,2.8,0.38,3.3,7.6,0.439,0.474,2.5,2.9,0.854,0.4,2.0,2.4,3.9,0.8,0.1,1.5,1.0,12.4
SG,22,38,2,10.1,1.4,3.4,0.397,0.5,1.3,0.38,0.9,2.1,0.407,0.469,0.8,1.1,0.725,0.1,1.1,1.2,0.7,0.2,0.0,0.5,0.7,4.0
C,20,9,1,10.3,1.1,2.1,0.526,0.0,0.0,0.0,1.1,2.1,0.526,0.526,0.8,1.3,0.583,0.7,2.1,2.8,0.4,0.4,0.7,0.6,1.7,3.0
PG,22,7,0,5.6,0.6,2.3,0.25,0.4,1.4,0.3,0.1,0.9,0.167,0.344,0.0,0.0,0.0,0.0,0.7,0.7,1.1,0.1,0.0,0.6,0.6,1.6
SF,25,28,18,27.3,4.0,7.3,0.549,0.7,2.1,0.328,3.3,5.2,0.637,0.596,1.2,1.6,0.717,1.6,3.4,5.1,1.8,0.9,0.6,1.2,3.0,9.9
SG,25,23,0,7.3,1.1,2.9,0.394,0.4,1.0,0.391,0.7,1.9,0.395,0.462,0.4,0.5,0.75,0.0,0.5,0.5,0.4,0.4,0.1,0.1,0.7,3.0
PF,25,29,29,32.2,6.7,14.4,0.468,1.9,5.2,0.373,4.8,9.2,0.521,0.535,2.3,3.4,0.67,1.0,3.7,4.8,2.1,0.7,1.3,1.8,2.4,17.7
SF,33,29,29,28.4,3.1,7.7,0.401,2.2,5.8,0.375,0.9,1.9,0.481,0.543,0.3,0.5,0.714,1.0,2.7,3.7,1.7,1.1,0.7,1.4,1.7,8.7
SG,21,14,0,3.4,0.4,2.1,0.207,0.2,1.5,0.143,0.2,0.6,0.375,0.259,0.0,0.0,0.0,0.0,0.4,0.4,0.4,0.1,0.0,0.3,0.4,1.1
SF,22,75,73,30.3,4.5,9.6,0.473,1.3,3.6,0.367,3.2,6.0,0.536,0.541,1.3,1.7,0.754,1.3,3.9,5.2,1.6,1.4,0.4,0.9,2.2,11.6
SF,32,65,1,26.6,2.7,5.7,0.478,0.8,2.4,0.351,1.9,3.3,0.57,0.552,0.8,1.3,0.614,0.8,3.2,4.0,3.4,1.1,0.3,1.2,1.6,7.0
SF,34,81,81,33.4,4.7,10.6,0.439,1.5,3.9,0.383,3.2,6.7,0.471,0.509,1.5,1.8,0.831,0.6,3.0,3.6,3.9,0.8,0.0,2.0,1.8,12.2
SG,24,16,0,16.5,1.5,3.5,0.429,0.4,1.4,0.318,1.1,2.1,0.5,0.491,0.9,1.0,0.938,1.0,2.8,3.8,1.1,1.1,0.3,0.5,1.4,4.4
SG,24,5,0,3.0,0.2,0.8,0.25,0.2,0.8,0.25,0.0,0.0,0.0,0.375,0.0,0.0,0.0,0.0,0.6,0.6,0.4,0.0,0.0,0.2,0.2,0.6
SF,26,18,0,12.4,1.0,2.8,0.353,0.7,1.6,0.429,0.3,1.3,0.261,0.471,0.4,0.4,1.0,0.9,2.4,3.3,0.4,0.5,0.6,0.4,1.1,3.1
PG,38,59,3,13.9,0.9,2.5,0.374,0.5,1.6,0.295,0.5,0.9,0.519,0.469,0.1,0.1,0.875,0.6,1.3,1.9,2.2,0.9,0.0,0.8,1.4,2.5
PG,26,82,79,32.2,7.2,16.9,0.428,2.0,5.7,0.359,5.2,11.2,0.462,0.488,5.8,6.6,0.871,0.6,2.4,3.0,6.2,1.1,0.1,2.7,2.0,22.2
PG,32,29,29,34.0,10.0,20.3,0.492,5.0,11.8,0.425,5.0,8.6,0.582,0.614,5.0,5.3,0.935,0.4,4.9,5.3,6.0,1.2,0.1,3.2,1.9,30.0
PG,23,53,53,31.5,7.4,16.6,0.448,1.6,4.9,0.321,5.8,11.6,0.502,0.496,3.2,3.6,0.885,0.8,2.1,3.0,4.7,1.1,0.3,2.3,2.0,19.6
PG,23,14,0,14.0,1.6,3.9,0.426,0.7,2.3,0.313,0.9,1.6,0.591,0.519,0.0,0.0,0.0,0.3,1.4,1.7,1.3,0.1,0.0,0.2,0.8,4.0
SG,25,6,3,19.3,1.7,4.3,0.385,0.3,1.8,0.182,1.3,2.5,0.533,0.423,0.2,0.3,0.5,0.3,2.5,2.8,2.2,0.7,0.3,1.2,1.5,3.8
SF,24,64,33,20.3,2.0,5.3,0.372,0.9,2.4,0.361,1.1,2.9,0.38,0.454,0.5,0.5,0.909,0.3,2.8,3.1,1.0,0.3,0.3,0.8,1.6,5.3
SF,25,29,29,29.4,5.2,12.7,0.41,1.7,5.3,0.31,3.6,7.3,0.484,0.476,2.2,2.9,0.759,1.4,4.5,5.9,1.4,1.1,0.8,1.4,2.4,14.2
C,22,27,27,28.8,3.8,5.8,0.66,0.0,0.0,0.0,3.8,5.8,0.66,0.66,0.8,1.7,0.478,3.6,4.8,8.4,0.5,1.2,1.5,0.8,2.9,8.4
PG,19,17,0,13.1,2.1,5.1,0.402,0.6,1.7,0.379,1.4,3.4,0.414,0.466,0.8,1.2,0.65,0.1,0.8,0.9,1.8,0.6,0.1,0.5,1.0,5.5
SG,31,29,20,32.2,4.0,8.5,0.466,2.4,5.8,0.419,1.6,2.8,0.563,0.607,1.2,1.5,0.791,0.7,3.5,4.2,1.7,1.2,0.3,0.7,2.3,11.5
SF,27,69,21,27.2,4.3,9.0,0.481,1.6,4.0,0.409,2.7,5.0,0.537,0.571,1.5,2.3,0.648,0.8,5.1,5.9,1.4,0.8,0.2,1.4,2.2,11.8
C,26,12,12,23.3,4.2,8.6,0.485,0.3,1.0,0.25,3.9,7.6,0.516,0.5,1.3,2.3,0.556,1.9,5.8,7.7,2.8,0.9,0.9,1.9,2.8,9.8
PF,23,10,0,6.8,1.0,2.4,0.417,0.0,0.0,0.0,1.0,2.4,0.417,0.417,0.9,1.4,0.643,1.4,2.4,3.8,0.5,0.4,0.5,0.6,1.5,2.9
SF,24,17,2,9.1,0.7,2.4,0.3,0.2,0.9,0.267,0.5,1.5,0.32,0.35,0.2,0.2,0.75,0.2,1.3,1.5,0.4,0.1,0.2,0.5,0.9,1.8
PF,23,8,0,2.9,0.4,0.8,0.5,0.0,0.0,0.0,0.4,0.8,0.5,0.5,0.6,0.8,0.833,0.3,0.5,0.8,0.0,0.0,0.0,0.1,0.5,1.4
PG,19,28,8,27.7,5.4,12.4,0.437,1.8,5.1,0.354,3.6,7.3,0.495,0.51,2.0,2.5,0.797,1.5,4.6,6.2,6.1,1.5,0.4,2.7,2.6,14.6
PF,31,10,1,13.0,1.6,3.8,0.421,1.0,2.8,0.357,0.6,1.0,0.6,0.553,0.3,0.4,0.75,0.4,1.6,2.0,0.5,0.3,0.1,0.7,1.3,4.5
SG,34,80,80,30.0,3.4,7.7,0.435,2.0,5.0,0.398,1.4,2.7,0.502,0.563,0.6,0.7,0.833,0.2,3.1,3.3,2.1,0.8,0.4,1.2,2.0,9.2
